Titulo_marcador,Tipo,Provincia,Localidade,Centro_ou_sede,Enderezo_para_Google,Universidade,Campus,Familias_ou_ramas,Modalidades,Numero_de_estudos,Estudos,Prazas_total_indicadas,Fontes,Nota_de_rigor
CIFP Paseo das Pontes · A Coruña,FP grao medio,A Coruña,A Coruña,CIFP Paseo das Pontes,"CIFP Paseo das Pontes, A Coruña, A Coruña, Galicia, España",,,"Hostalaría e turismo | Industrias alimentarias | Téxtil, confección e pel",Oferta ordinaria,5,Cociña e gastronomía (Oferta ordinaria) || Confección e moda (Oferta ordinaria) || Elaboración de produtos alimentarios (Oferta ordinaria) || Panadaría e bolaría artesanais (Oferta ordinaria) || Servizos en restauración (Oferta ordinaria),133,i_portal_oferta_clasificada_por_prov_concello_ordinario_17-06-2025.pdf,Xeolocalización mediante Google My Maps a partir do nome do centro/sede e localidade; revisar manualmente marcadores ambiguos tras a importación.
CIFP Someso · A Coruña,FP grao medio,A Coruña,A Coruña,CIFP Someso,"CIFP Someso, A Coruña, A Coruña, Galicia, España",,,"Fabricación mecánica | Imaxe persoal | Madeira, moble e cortiza | Transporte e mantemento de vehículos",Oferta ordinaria,8,Carpintaría e moble (Oferta ordinaria) || Carrozaría (Oferta ordinaria) || Electromecánica de vehículos automóbiles (Oferta ordinaria) || Estética e beleza (Oferta ordinaria) || Estética e beleza (quenda de tarde) (Oferta ordinaria) || Mecanizado (Oferta ordinaria) || Peiteado e cosmética capilar (Oferta ordinaria) || Soldadura e caldeiraría (Oferta ordinaria),198,i_portal_oferta_clasificada_por_prov_concello_ordinario_17-06-2025.pdf,Xeolocalización mediante Google My Maps a partir do nome do centro/sede e localidade; revisar manualmente marcadores ambiguos tras a importación.
CIFP Ánxel Casal - Monte Alto · A Coruña,FP grao medio,A Coruña,A Coruña,CIFP Ánxel Casal - Monte Alto,"CIFP Ánxel Casal - Monte Alto, A Coruña, A Coruña, Galicia, España",,,Sanidade | Servizos socioculturais e á comunidade,Oferta ordinaria,2,Atención a persoas en situación de dependencia (Oferta ordinaria) || Farmacia e parafarmacia (Oferta ordinaria),47,i_portal_oferta_clasificada_por_prov_concello_ordinario_17-06-2025.pdf,Xeolocalización mediante Google My Maps a partir do nome do centro/sede e localidade; revisar manualmente marcadores ambiguos tras a importación.
CPR Cervantes · A Coruña,FP grao medio,A Coruña,A Coruña,CPR Cervantes,"CPR Cervantes, A Coruña, A Coruña, Galicia, España",,,Administración e xestión,Oferta ordinaria,1,Xestión administrativa (Oferta ordinaria),30,i_portal_oferta_clasificada_por_prov_concello_ordinario_17-06-2025.pdf,Xeolocalización mediante Google My Maps a partir do nome do centro/sede e localidade; revisar manualmente marcadores ambiguos tras a importación.
CPR Cruz Roja Española · A Coruña,FP grao medio,A Coruña,A Coruña,CPR Cruz Roja Española,"CPR Cruz Roja Española, A Coruña, A Coruña, Galicia, España",,,Sanidade | Servizos socioculturais e á comunidade,Oferta ordinaria,2,Atención a persoas en situación de dependencia (Oferta ordinaria) || Farmacia e parafarmacia (Oferta ordinaria),60,i_portal_oferta_clasificada_por_prov_concello_ordinario_17-06-2025.pdf,Xeolocalización mediante Google My Maps a partir do nome do centro/sede e localidade; revisar manualmente marcadores ambiguos tras a importación.
CPR Nebrija Torre de Hércules · A Coruña,FP grao medio,A Coruña,A Coruña,CPR Nebrija Torre de Hércules,"CPR Nebrija Torre de Hércules, A Coruña, A Coruña, Galicia, España",,,Administración e xestión | Comercio e márketing | Sanidade,Oferta ordinaria,3,Actividades comerciais (Oferta ordinaria) || Farmacia e parafarmacia (Oferta ordinaria) || Xestión administrativa (Oferta ordinaria),80,i_portal_oferta_clasificada_por_prov_concello_ordinario_17-06-2025.pdf,Xeolocalización mediante Google My Maps a partir do nome do centro/sede e localidade; revisar manualmente marcadores ambiguos tras a importación.
CPR Plurilingüe Cristo Rey · A Coruña,FP grao medio,A Coruña,A Coruña,CPR Plurilingüe Cristo Rey,"CPR Plurilingüe Cristo Rey, A Coruña, A Coruña, Galicia, España",,,Química,Oferta ordinaria,1,Planta química (Oferta ordinaria),30,i_portal_oferta_clasificada_por_prov_concello_ordinario_17-06-2025.pdf,Xeolocalización mediante Google My Maps a partir do nome do centro/sede e localidade; revisar manualmente marcadores ambiguos tras a importación.
CPR Plurilingüe Fogar de Santa Margarida · A Coruña,FP grao medio,A Coruña,A Coruña,CPR Plurilingüe Fogar de Santa Margarida,"CPR Plurilingüe Fogar de Santa Margarida, A Coruña, A Coruña, Galicia, España",,,Comercio e márketing,Oferta ordinaria,1,Actividades comerciais (Oferta ordinaria),30,i_portal_oferta_clasificada_por_prov_concello_ordinario_17-06-2025.pdf,Xeolocalización mediante Google My Maps a partir do nome do centro/sede e localidade; revisar manualmente marcadores ambiguos tras a importación.
CPR Plurilingüe Karbo · A Coruña,FP grao medio,A Coruña,A Coruña,CPR Plurilingüe Karbo,"CPR Plurilingüe Karbo, A Coruña, A Coruña, Galicia, España",,,Administración e xestión,Oferta ordinaria,1,Xestión administrativa (Oferta ordinaria),20,i_portal_oferta_clasificada_por_prov_concello_ordinario_17-06-2025.pdf,Xeolocalización mediante Google My Maps a partir do nome do centro/sede e localidade; revisar manualmente marcadores ambiguos tras a importación.
CPR Plurilingüe La Grande Obra de Atocha · A Coruña,FP grao medio,A Coruña,A Coruña,CPR Plurilingüe La Grande Obra de Atocha,"CPR Plurilingüe La Grande Obra de Atocha, A Coruña, A Coruña, Galicia, España",,,Administración e xestión,Oferta ordinaria,1,Xestión administrativa (Oferta ordinaria),30,i_portal_oferta_clasificada_por_prov_concello_ordinario_17-06-2025.pdf,Xeolocalización mediante Google My Maps a partir do nome do centro/sede e localidade; revisar manualmente marcadores ambiguos tras a importación.
CPR Plurilingüe Liceo La Paz · A Coruña,FP grao medio,A Coruña,A Coruña,CPR Plurilingüe Liceo La Paz,"CPR Plurilingüe Liceo La Paz, A Coruña, A Coruña, Galicia, España",,,Sanidade,Oferta ordinaria,1,Emerxencias sanitarias (Oferta ordinaria),20,i_portal_oferta_clasificada_por_prov_concello_ordinario_17-06-2025.pdf,Xeolocalización mediante Google My Maps a partir do nome do centro/sede e localidade; revisar manualmente marcadores ambiguos tras a importación.
IES A Sardiñeira · A Coruña,FP grao medio,A Coruña,A Coruña,IES A Sardiñeira,"IES A Sardiñeira, A Coruña, A Coruña, Galicia, España",,,Química,Oferta ordinaria,1,Operacións de laboratorio (Oferta ordinaria),22,i_portal_oferta_clasificada_por_prov_concello_ordinario_17-06-2025.pdf,Xeolocalización mediante Google My Maps a partir do nome do centro/sede e localidade; revisar manualmente marcadores ambiguos tras a importación.
IES Fernando Wirtz Suárez · A Coruña,FP grao medio,A Coruña,A Coruña,IES Fernando Wirtz Suárez,"IES Fernando Wirtz Suárez, A Coruña, A Coruña, Galicia, España",,,Administración e xestión | Informática e comunicacións,Oferta ordinaria,3,Sistemas microinformáticos e redes (Oferta ordinaria) || Sistemas microinformáticos e redes (quenda de tarde) (Oferta ordinaria) || Xestión administrativa (Oferta ordinaria),90,i_portal_oferta_clasificada_por_prov_concello_ordinario_17-06-2025.pdf,Xeolocalización mediante Google My Maps a partir do nome do centro/sede e localidade; revisar manualmente marcadores ambiguos tras a importación.
IES Ramón Menéndez Pidal · A Coruña,FP grao medio,A Coruña,A Coruña,IES Ramón Menéndez Pidal,"IES Ramón Menéndez Pidal, A Coruña, A Coruña, Galicia, España",,,Comercio e márketing,Oferta ordinaria,1,Actividades comerciais (Oferta ordinaria),30,i_portal_oferta_clasificada_por_prov_concello_ordinario_17-06-2025.pdf,Xeolocalización mediante Google My Maps a partir do nome do centro/sede e localidade; revisar manualmente marcadores ambiguos tras a importación.
IES Rosalía Mera · A Coruña,FP grao medio,A Coruña,A Coruña,IES Rosalía Mera,"IES Rosalía Mera, A Coruña, A Coruña, Galicia, España",,,"Artes gráficas | Electricidade e electrónica | Fabricación mecánica | Madeira, moble e cortiza",Oferta ordinaria,6,Impresión gráfica (Oferta ordinaria) || Instalación e amoblamento (Oferta ordinaria) || Instalacións eléctricas e automáticas (Oferta ordinaria) || Mecanizado (Oferta ordinaria) || Preimpresión dixital (Oferta ordinaria) || Soldadura e caldeiraría (Oferta ordinaria),132,i_portal_oferta_clasificada_por_prov_concello_ordinario_17-06-2025.pdf,Xeolocalización mediante Google My Maps a partir do nome do centro/sede e localidade; revisar manualmente marcadores ambiguos tras a importación.
IES Urbano Lugrís · A Coruña,FP grao medio,A Coruña,A Coruña,IES Urbano Lugrís,"IES Urbano Lugrís, A Coruña, A Coruña, Galicia, España",,,Electricidade e electrónica | Instalación e mantemento,Oferta ordinaria,3,Implementación de redes 5G (Oferta ordinaria) || Instalacións de telecomunicacións (Oferta ordinaria) || Mantemento electromecánico (Oferta ordinaria),64,i_portal_oferta_clasificada_por_prov_concello_ordinario_17-06-2025.pdf,Xeolocalización mediante Google My Maps a partir do nome do centro/sede e localidade; revisar manualmente marcadores ambiguos tras a importación.
CPR Divino Maestro · A Pobra do Caramiñal,FP grao medio,A Coruña,A Pobra do Caramiñal,CPR Divino Maestro,"CPR Divino Maestro, A Pobra do Caramiñal, A Coruña, Galicia, España",,,Administración e xestión,Oferta ordinaria,1,Xestión administrativa (Oferta ordinaria),30,i_portal_oferta_clasificada_por_prov_concello_ordinario_17-06-2025.pdf,Xeolocalización mediante Google My Maps a partir do nome do centro/sede e localidade; revisar manualmente marcadores ambiguos tras a importación.
IES Plurilingüe de Ames · Ames,FP grao medio,A Coruña,Ames,IES Plurilingüe de Ames,"IES Plurilingüe de Ames, Ames, A Coruña, Galicia, España",,,Informática e comunicacións,Oferta ordinaria,1,Sistemas microinformáticos e redes (Oferta ordinaria),30,i_portal_oferta_clasificada_por_prov_concello_ordinario_17-06-2025.pdf,Xeolocalización mediante Google My Maps a partir do nome do centro/sede e localidade; revisar manualmente marcadores ambiguos tras a importación.
IES de Sabón · Arteixo,FP grao medio,A Coruña,Arteixo,IES de Sabón,"IES de Sabón, Arteixo, A Coruña, Galicia, España",,,Actividades físicas e deportivas | Administración e xestión | Electricidade e electrónica,Oferta ordinaria,3,Guía no medio natural e de tempo libre (Oferta ordinaria) || Instalacións eléctricas e automáticas (Oferta ordinaria) || Xestión administrativa (Oferta ordinaria),74,i_portal_oferta_clasificada_por_prov_concello_ordinario_17-06-2025.pdf,Xeolocalización mediante Google My Maps a partir do nome do centro/sede e localidade; revisar manualmente marcadores ambiguos tras a importación.
EFAG El Piñeiral · Arzúa,FP grao medio,A Coruña,Arzúa,EFAG El Piñeiral,"EFAG El Piñeiral, Arzúa, A Coruña, Galicia, España",,,Comercio e márketing | Industrias alimentarias,Oferta ordinaria,2,"Actividades comerciais (Oferta ordinaria) || Panadaría, repostaría e confeitaría (Oferta ordinaria)",40,i_portal_oferta_clasificada_por_prov_concello_ordinario_17-06-2025.pdf,Xeolocalización mediante Google My Maps a partir do nome do centro/sede e localidade; revisar manualmente marcadores ambiguos tras a importación.
IES de Arzúa · Arzúa,FP grao medio,A Coruña,Arzúa,IES de Arzúa,"IES de Arzúa, Arzúa, A Coruña, Galicia, España",,,Agraria,Oferta ordinaria,1,Aproveitamento e conservación do medio natural (Oferta ordinaria),22,i_portal_oferta_clasificada_por_prov_concello_ordinario_17-06-2025.pdf,Xeolocalización mediante Google My Maps a partir do nome do centro/sede e localidade; revisar manualmente marcadores ambiguos tras a importación.
IES Plurilingüe Castro da Uz · As Pontes de García Rodríguez,FP grao medio,A Coruña,As Pontes de García Rodríguez,IES Plurilingüe Castro da Uz,"IES Plurilingüe Castro da Uz, As Pontes de García Rodríguez, A Coruña, Galicia, España",,,Informática e comunicacións | Transporte e mantemento de vehículos,Oferta ordinaria,2,Electromecánica de vehículos automóbiles (Oferta ordinaria) || Sistemas microinformáticos e redes (Oferta ordinaria),52,i_portal_oferta_clasificada_por_prov_concello_ordinario_17-06-2025.pdf,Xeolocalización mediante Google My Maps a partir do nome do centro/sede e localidade; revisar manualmente marcadores ambiguos tras a importación.
CFEA de Guísamo · Bergondo,FP grao medio,A Coruña,Bergondo,CFEA de Guísamo,"CFEA de Guísamo, Bergondo, A Coruña, Galicia, España",,,Agraria,Oferta ordinaria,2,Floraría e arte floral (Oferta ordinaria) || Xardinaría e floraría (Oferta ordinaria),42,i_portal_oferta_clasificada_por_prov_concello_ordinario_17-06-2025.pdf,Xeolocalización mediante Google My Maps a partir do nome do centro/sede e localidade; revisar manualmente marcadores ambiguos tras a importación.
IES As Mariñas · Betanzos,FP grao medio,A Coruña,Betanzos,IES As Mariñas,"IES As Mariñas, Betanzos, A Coruña, Galicia, España",,,Administración e xestión | Electricidade e electrónica | Transporte e mantemento de vehículos,Oferta ordinaria,3,Electromecánica de vehículos automóbiles (Oferta ordinaria) || Instalacións eléctricas e automáticas (Oferta ordinaria) || Xestión administrativa (Oferta ordinaria),74,i_portal_oferta_clasificada_por_prov_concello_ordinario_17-06-2025.pdf,Xeolocalización mediante Google My Maps a partir do nome do centro/sede e localidade; revisar manualmente marcadores ambiguos tras a importación.
IES Espiñeira · Boiro,FP grao medio,A Coruña,Boiro,IES Espiñeira,"IES Espiñeira, Boiro, A Coruña, Galicia, España",,,Administración e xestión | Electricidade e electrónica,Oferta ordinaria,2,Instalacións de telecomunicacións (Oferta ordinaria) || Xestión administrativa (Oferta ordinaria),52,i_portal_oferta_clasificada_por_prov_concello_ordinario_17-06-2025.pdf,Xeolocalización mediante Google My Maps a partir do nome do centro/sede e localidade; revisar manualmente marcadores ambiguos tras a importación.
CFEA de Sergude · Boqueixón,FP grao medio,A Coruña,Boqueixón,CFEA de Sergude,"CFEA de Sergude, Boqueixón, A Coruña, Galicia, España",,,Agraria,Oferta ordinaria,2,Aproveitamento e conservación do medio natural (Oferta ordinaria) || Produción agropecuaria (Oferta ordinaria),44,i_portal_oferta_clasificada_por_prov_concello_ordinario_17-06-2025.pdf,Xeolocalización mediante Google My Maps a partir do nome do centro/sede e localidade; revisar manualmente marcadores ambiguos tras a importación.
"CIFP Leixa · CPR, EFAG: Centro privado coas ensinanzas concertadas.",FP grao medio,A Coruña,"CPR, EFAG: Centro privado coas ensinanzas concertadas.",CIFP Leixa,"CIFP Leixa, CPR, EFAG: Centro privado coas ensinanzas concertadas., A Coruña, Galicia, España",,,Sanidade,Oferta modular,1,Emerxencias sanitarias (Oferta modular),,i_portal_oferta_clasificada_por_prov_concello_modular_24-06-2025.pdf,Xeolocalización mediante Google My Maps a partir do nome do centro/sede e localidade; revisar manualmente marcadores ambiguos tras a importación.
"CIFP Paseo das Pontes · CPR, EFAG: Centro privado coas ensinanzas concertadas.",FP grao medio,A Coruña,"CPR, EFAG: Centro privado coas ensinanzas concertadas.",CIFP Paseo das Pontes,"CIFP Paseo das Pontes, CPR, EFAG: Centro privado coas ensinanzas concertadas., A Coruña, Galicia, España",,,Hostalaría e turismo,Oferta modular,2,Cociña e gastronomía (Oferta modular) || Servizos en restaurante (Oferta modular),,i_portal_oferta_clasificada_por_prov_concello_modular_24-06-2025.pdf,Xeolocalización mediante Google My Maps a partir do nome do centro/sede e localidade; revisar manualmente marcadores ambiguos tras a importación.
"CIFP Politécnico de Santiago · CPR, EFAG: Centro privado coas ensinanzas concertadas.",FP grao medio,A Coruña,"CPR, EFAG: Centro privado coas ensinanzas concertadas.",CIFP Politécnico de Santiago,"CIFP Politécnico de Santiago, CPR, EFAG: Centro privado coas ensinanzas concertadas., A Coruña, Galicia, España",,,Fabricación mecánica,Oferta modular,1,Montaxe de instalacións de tubaxes e construcións e carpintaría metálica (Oferta modular),,i_portal_oferta_clasificada_por_prov_concello_modular_24-06-2025.pdf,Xeolocalización mediante Google My Maps a partir do nome do centro/sede e localidade; revisar manualmente marcadores ambiguos tras a importación.
"CIFP Someso · CPR, EFAG: Centro privado coas ensinanzas concertadas.",FP grao medio,A Coruña,"CPR, EFAG: Centro privado coas ensinanzas concertadas.",CIFP Someso,"CIFP Someso, CPR, EFAG: Centro privado coas ensinanzas concertadas., A Coruña, Galicia, España",,,"Edificación e obra civil | Fabricación mecánica | Imaxe persoal | Madeira, moble e cortiza | Transporte e mantemento de vehículos",Oferta modular,5,Cubertas e impermeabilizacións (Oferta modular) || Electromecánica de vehículos automóbiles (Oferta modular) || Instalación e amoblamento (Oferta modular) || Peiteado e cosmética capilar (Oferta modular) || Soldadura e caldeiraría (Oferta modular),,i_portal_oferta_clasificada_por_prov_concello_modular_24-06-2025.pdf,Xeolocalización mediante Google My Maps a partir do nome do centro/sede e localidade; revisar manualmente marcadores ambiguos tras a importación.
"CIFP Universidade Laboral · CPR, EFAG: Centro privado coas ensinanzas concertadas.",FP grao medio,A Coruña,"CPR, EFAG: Centro privado coas ensinanzas concertadas.",CIFP Universidade Laboral,"CIFP Universidade Laboral, CPR, EFAG: Centro privado coas ensinanzas concertadas., A Coruña, Galicia, España",,,Instalación e mantemento,Oferta modular,2,Instalacións de produción de calor (Oferta modular) || Instalacións frigoríficas e de climatización (Oferta modular),,i_portal_oferta_clasificada_por_prov_concello_modular_24-06-2025.pdf,Xeolocalización mediante Google My Maps a partir do nome do centro/sede e localidade; revisar manualmente marcadores ambiguos tras a importación.
"IES Arcebispo Xelmírez I · CPR, EFAG: Centro privado coas ensinanzas concertadas.",FP grao medio,A Coruña,"CPR, EFAG: Centro privado coas ensinanzas concertadas.",IES Arcebispo Xelmírez I,"IES Arcebispo Xelmírez I, CPR, EFAG: Centro privado coas ensinanzas concertadas., A Coruña, Galicia, España",,,Imaxe e son,Oferta modular,1,Vídeo disc-jockey e son (Oferta modular),,i_portal_oferta_clasificada_por_prov_concello_modular_24-06-2025.pdf,Xeolocalización mediante Google My Maps a partir do nome do centro/sede e localidade; revisar manualmente marcadores ambiguos tras a importación.
"IES Lamas de Abade · CPR, EFAG: Centro privado coas ensinanzas concertadas.",FP grao medio,A Coruña,"CPR, EFAG: Centro privado coas ensinanzas concertadas.",IES Lamas de Abade,"IES Lamas de Abade, CPR, EFAG: Centro privado coas ensinanzas concertadas., A Coruña, Galicia, España",,,Sanidade,Oferta modular,1,Emerxencias sanitarias (Oferta modular),,i_portal_oferta_clasificada_por_prov_concello_modular_24-06-2025.pdf,Xeolocalización mediante Google My Maps a partir do nome do centro/sede e localidade; revisar manualmente marcadores ambiguos tras a importación.
IES Afonso X O Sabio · Cambre,FP grao medio,A Coruña,Cambre,IES Afonso X O Sabio,"IES Afonso X O Sabio, Cambre, A Coruña, Galicia, España",,,Administración e xestión,Oferta ordinaria,1,Xestión administrativa (Oferta ordinaria),30,i_portal_oferta_clasificada_por_prov_concello_ordinario_17-06-2025.pdf,Xeolocalización mediante Google My Maps a partir do nome do centro/sede e localidade; revisar manualmente marcadores ambiguos tras a importación.
IES Monte Neme · Carballo,FP grao medio,A Coruña,Carballo,IES Monte Neme,"IES Monte Neme, Carballo, A Coruña, Galicia, España",,,Administración e xestión | Electricidade e electrónica | Fabricación mecánica,Oferta ordinaria,4,Instalacións de telecomunicacións (Oferta ordinaria) || Instalacións eléctricas e automáticas (Oferta ordinaria) || Mecanizado (Oferta ordinaria) || Xestión administrativa (Oferta ordinaria),96,i_portal_oferta_clasificada_por_prov_concello_ordinario_17-06-2025.pdf,Xeolocalización mediante Google My Maps a partir do nome do centro/sede e localidade; revisar manualmente marcadores ambiguos tras a importación.
IES Cabo Ortegal · Cariño,FP grao medio,A Coruña,Cariño,IES Cabo Ortegal,"IES Cabo Ortegal, Cariño, A Coruña, Galicia, España",,,Informática e comunicacións,Oferta modular,1,Sistemas microinformáticos e redes (Oferta modular),,i_portal_oferta_clasificada_por_prov_concello_modular_24-06-2025.pdf,Xeolocalización mediante Google My Maps a partir do nome do centro/sede e localidade; revisar manualmente marcadores ambiguos tras a importación.
IES Punta Candieira · Cedeira,FP grao medio,A Coruña,Cedeira,IES Punta Candieira,"IES Punta Candieira, Cedeira, A Coruña, Galicia, España",,,Electricidade e electrónica | Instalación e mantemento,Oferta ordinaria,2,Instalacións eléctricas e automáticas (Oferta ordinaria) || Mantemento electromecánico (Oferta ordinaria),44,i_portal_oferta_clasificada_por_prov_concello_ordinario_17-06-2025.pdf,Xeolocalización mediante Google My Maps a partir do nome do centro/sede e localidade; revisar manualmente marcadores ambiguos tras a importación.
IES Fernando Blanco · Cee,FP grao medio,A Coruña,Cee,IES Fernando Blanco,"IES Fernando Blanco, Cee, A Coruña, Galicia, España",,,Administración e xestión | Electricidade e electrónica | Instalación e mantemento | Transporte e mantemento de vehículos,Oferta ordinaria,4,Electromecánica de vehículos automóbiles (Oferta ordinaria) || Instalacións eléctricas e automáticas (Oferta ordinaria) || Mantemento electromecánico (Oferta ordinaria) || Xestión administrativa (Oferta ordinaria),96,i_portal_oferta_clasificada_por_prov_concello_ordinario_17-06-2025.pdf,Xeolocalización mediante Google My Maps a partir do nome do centro/sede e localidade; revisar manualmente marcadores ambiguos tras a importación.
EFAG Fonteboa · Coristanco,FP grao medio,A Coruña,Coristanco,EFAG Fonteboa,"EFAG Fonteboa, Coristanco, A Coruña, Galicia, España",,,Actividades físicas e deportivas | Agraria,Oferta ordinaria,2,Guía no medio natural e de tempo libre (Oferta ordinaria) || Produción agropecuaria (Oferta ordinaria),50,i_portal_oferta_clasificada_por_prov_concello_ordinario_17-06-2025.pdf,Xeolocalización mediante Google My Maps a partir do nome do centro/sede e localidade; revisar manualmente marcadores ambiguos tras a importación.
CIFP Universidade Laboral · Culleredo,FP grao medio,A Coruña,Culleredo,CIFP Universidade Laboral,"CIFP Universidade Laboral, Culleredo, A Coruña, Galicia, España",,,Actividades físicas e deportivas | Electricidade e electrónica | Instalación e mantemento | Marítimo-pesqueira,Oferta ordinaria,6,Guía no medio natural e de tempo libre (Oferta ordinaria) || Instalacións de telecomunicacións (Oferta ordinaria) || Instalacións eléctricas e automáticas (Oferta ordinaria) || Instalacións frigoríficas e de climatización (Oferta ordinaria) || Mantemento e control de maquinaria de buques e embarcacións (Oferta ordinaria) || Navegación e pesca de litoral (Oferta ordinaria),132,i_portal_oferta_clasificada_por_prov_concello_ordinario_17-06-2025.pdf,Xeolocalización mediante Google My Maps a partir do nome do centro/sede e localidade; revisar manualmente marcadores ambiguos tras a importación.
IES de Curtis · Curtis,FP grao medio,A Coruña,Curtis,IES de Curtis,"IES de Curtis, Curtis, A Coruña, Galicia, España",,,Informática e comunicacións | Transporte e mantemento de vehículos,Oferta ordinaria,2,Electromecánica de vehículos automóbiles (Oferta ordinaria) || Sistemas microinformáticos e redes (Oferta ordinaria),52,i_portal_oferta_clasificada_por_prov_concello_ordinario_17-06-2025.pdf,Xeolocalización mediante Google My Maps a partir do nome do centro/sede e localidade; revisar manualmente marcadores ambiguos tras a importación.
IES de Fene · Fene,FP grao medio,A Coruña,Fene,IES de Fene,"IES de Fene, Fene, A Coruña, Galicia, España",,,Fabricación mecánica | Instalación e mantemento | Transporte e mantemento de vehículos,Oferta modular | Oferta ordinaria,5,Electromecánica de vehículos automóbiles (Oferta ordinaria) || Instalacións frigoríficas e de climatización (Oferta ordinaria) || Mantemento electromecánico (Oferta modular) || Mantemento electromecánico (Oferta ordinaria) || Soldadura e caldeiraría (Oferta ordinaria),88,i_portal_oferta_clasificada_por_prov_concello_modular_24-06-2025.pdf | i_portal_oferta_clasificada_por_prov_concello_ordinario_17-06-2025.pdf,Xeolocalización mediante Google My Maps a partir do nome do centro/sede e localidade; revisar manualmente marcadores ambiguos tras a importación.
CIFP Ferrolterra · Ferrol,FP grao medio,A Coruña,Ferrol,CIFP Ferrolterra,"CIFP Ferrolterra, Ferrol, A Coruña, Galicia, España",,,"Electricidade e electrónica | Fabricación mecánica | Madeira, moble e cortiza | Transporte e mantemento de vehículos",Oferta modular | Oferta ordinaria,9,Carpintaría e moble (Oferta ordinaria) || Carrozaría (Oferta ordinaria) || Electromecánica de vehículos automóbiles (Oferta modular) || Electromecánica de vehículos automóbiles (Oferta ordinaria) || Instalacións de telecomunicacións (Oferta ordinaria) || Instalacións eléctricas e automáticas (Oferta ordinaria) || Mantemento de estruturas de madeira e moblaxe de embarcacións de (Oferta ordinaria) || Mecanizado (Oferta ordinaria) || Soldadura e caldeiraría (Oferta ordinaria),176,i_portal_oferta_clasificada_por_prov_concello_modular_24-06-2025.pdf | i_portal_oferta_clasificada_por_prov_concello_ordinario_17-06-2025.pdf,Xeolocalización mediante Google My Maps a partir do nome do centro/sede e localidade; revisar manualmente marcadores ambiguos tras a importación.
CIFP Leixa · Ferrol,FP grao medio,A Coruña,Ferrol,CIFP Leixa,"CIFP Leixa, Ferrol, A Coruña, Galicia, España",,,Artes gráficas | Sanidade | Servizos socioculturais e á comunidade,Oferta ordinaria,4,Atención a persoas en situación de dependencia (Oferta ordinaria) || Farmacia e parafarmacia (Oferta ordinaria) || Impresión gráfica (Oferta ordinaria) || Preimpresión dixital (Oferta ordinaria),91,i_portal_oferta_clasificada_por_prov_concello_ordinario_17-06-2025.pdf,Xeolocalización mediante Google My Maps a partir do nome do centro/sede e localidade; revisar manualmente marcadores ambiguos tras a importación.
CIFP Rodolfo Ucha Piñeiro · Ferrol,FP grao medio,A Coruña,Ferrol,CIFP Rodolfo Ucha Piñeiro,"CIFP Rodolfo Ucha Piñeiro, Ferrol, A Coruña, Galicia, España",,,Administración e xestión | Comercio e márketing | Informática e comunicacións,Oferta ordinaria,3,Actividades comerciais (Oferta ordinaria) || Sistemas microinformáticos e redes (Oferta ordinaria) || Xestión administrativa (Oferta ordinaria),90,i_portal_oferta_clasificada_por_prov_concello_ordinario_17-06-2025.pdf,Xeolocalización mediante Google My Maps a partir do nome do centro/sede e localidade; revisar manualmente marcadores ambiguos tras a importación.
IES Concepción Arenal · Ferrol,FP grao medio,A Coruña,Ferrol,IES Concepción Arenal,"IES Concepción Arenal, Ferrol, A Coruña, Galicia, España",,,Química,Oferta ordinaria,1,Operacións de laboratorio (Oferta ordinaria),22,i_portal_oferta_clasificada_por_prov_concello_ordinario_17-06-2025.pdf,Xeolocalización mediante Google My Maps a partir do nome do centro/sede e localidade; revisar manualmente marcadores ambiguos tras a importación.
IES Ricardo Carvalho Calero · Ferrol,FP grao medio,A Coruña,Ferrol,IES Ricardo Carvalho Calero,"IES Ricardo Carvalho Calero, Ferrol, A Coruña, Galicia, España",,,Imaxe persoal,Oferta ordinaria,2,Estética e beleza (Oferta ordinaria) || Peiteado e cosmética capilar (Oferta ordinaria),44,i_portal_oferta_clasificada_por_prov_concello_ordinario_17-06-2025.pdf,Xeolocalización mediante Google My Maps a partir do nome do centro/sede e localidade; revisar manualmente marcadores ambiguos tras a importación.
IES Saturnino Montojo · Ferrol,FP grao medio,A Coruña,Ferrol,IES Saturnino Montojo,"IES Saturnino Montojo, Ferrol, A Coruña, Galicia, España",,,Imaxe e son,Oferta ordinaria,1,Vídeo disc-jockey e son (Oferta ordinaria),22,i_portal_oferta_clasificada_por_prov_concello_ordinario_17-06-2025.pdf,Xeolocalización mediante Google My Maps a partir do nome do centro/sede e localidade; revisar manualmente marcadores ambiguos tras a importación.
IES de Melide · Melide,FP grao medio,A Coruña,Melide,IES de Melide,"IES de Melide, Melide, A Coruña, Galicia, España",,,"Madeira, moble e cortiza",Oferta ordinaria,1,Carpintaría e moble (Oferta ordinaria),22,i_portal_oferta_clasificada_por_prov_concello_ordinario_17-06-2025.pdf,Xeolocalización mediante Google My Maps a partir do nome do centro/sede e localidade; revisar manualmente marcadores ambiguos tras a importación.
CPR Loyola · Mugardos,FP grao medio,A Coruña,Mugardos,CPR Loyola,"CPR Loyola, Mugardos, A Coruña, Galicia, España",,,Administración e xestión,Oferta ordinaria,1,Xestión administrativa (Oferta ordinaria),30,i_portal_oferta_clasificada_por_prov_concello_ordinario_17-06-2025.pdf,Xeolocalización mediante Google My Maps a partir do nome do centro/sede e localidade; revisar manualmente marcadores ambiguos tras a importación.
IES Plurilingüe Fontexería · Muros,FP grao medio,A Coruña,Muros,IES Plurilingüe Fontexería,"IES Plurilingüe Fontexería, Muros, A Coruña, Galicia, España",,,Electricidade e electrónica,Oferta ordinaria,1,Instalacións eléctricas e automáticas (Oferta ordinaria),22,i_portal_oferta_clasificada_por_prov_concello_ordinario_17-06-2025.pdf,Xeolocalización mediante Google My Maps a partir do nome do centro/sede e localidade; revisar manualmente marcadores ambiguos tras a importación.
IES Terra de Trasancos · Narón,FP grao medio,A Coruña,Narón,IES Terra de Trasancos,"IES Terra de Trasancos, Narón, A Coruña, Galicia, España",,,Administración e xestión,Oferta ordinaria,1,Xestión administrativa (Oferta ordinaria),30,i_portal_oferta_clasificada_por_prov_concello_ordinario_17-06-2025.pdf,Xeolocalización mediante Google My Maps a partir do nome do centro/sede e localidade; revisar manualmente marcadores ambiguos tras a importación.
IES Xulián Magariños · Negreira,FP grao medio,A Coruña,Negreira,IES Xulián Magariños,"IES Xulián Magariños, Negreira, A Coruña, Galicia, España",,,Informática e comunicacións,Oferta ordinaria,1,Sistemas microinformáticos e redes (Oferta ordinaria),30,i_portal_oferta_clasificada_por_prov_concello_ordinario_17-06-2025.pdf,Xeolocalización mediante Google My Maps a partir do nome do centro/sede e localidade; revisar manualmente marcadores ambiguos tras a importación.
CPR Plurilingüe Maria Assumpta · Noia,FP grao medio,A Coruña,Noia,CPR Plurilingüe Maria Assumpta,"CPR Plurilingüe Maria Assumpta, Noia, A Coruña, Galicia, España",,,Comercio e márketing,Oferta ordinaria,1,Actividades comerciais (Oferta ordinaria),20,i_portal_oferta_clasificada_por_prov_concello_ordinario_17-06-2025.pdf,Xeolocalización mediante Google My Maps a partir do nome do centro/sede e localidade; revisar manualmente marcadores ambiguos tras a importación.
IES Campo de San Alberto · Noia,FP grao medio,A Coruña,Noia,IES Campo de San Alberto,"IES Campo de San Alberto, Noia, A Coruña, Galicia, España",,,Administración e xestión | Electricidade e electrónica,Oferta ordinaria,2,Instalacións de telecomunicacións (Oferta ordinaria) || Xestión administrativa (Oferta ordinaria),52,i_portal_oferta_clasificada_por_prov_concello_ordinario_17-06-2025.pdf,Xeolocalización mediante Google My Maps a partir do nome do centro/sede e localidade; revisar manualmente marcadores ambiguos tras a importación.
IES Virxe do Mar · Noia,FP grao medio,A Coruña,Noia,IES Virxe do Mar,"IES Virxe do Mar, Noia, A Coruña, Galicia, España",,,Imaxe e son,Oferta ordinaria,1,Vídeo disc-jockey e son (Oferta ordinaria),22,i_portal_oferta_clasificada_por_prov_concello_ordinario_17-06-2025.pdf,Xeolocalización mediante Google My Maps a partir do nome do centro/sede e localidade; revisar manualmente marcadores ambiguos tras a importación.
IES Ordes · Ordes,FP grao medio,A Coruña,Ordes,IES Ordes,"IES Ordes, Ordes, A Coruña, Galicia, España",,,Administración e xestión | Transporte e mantemento de vehículos,Oferta ordinaria,2,Electromecánica de vehículos automóbiles (Oferta ordinaria) || Xestión administrativa (Oferta ordinaria),52,i_portal_oferta_clasificada_por_prov_concello_ordinario_17-06-2025.pdf,Xeolocalización mediante Google My Maps a partir do nome do centro/sede e localidade; revisar manualmente marcadores ambiguos tras a importación.
IES de Ortigueira · Ortigueira,FP grao medio,A Coruña,Ortigueira,IES de Ortigueira,"IES de Ortigueira, Ortigueira, A Coruña, Galicia, España",,,"Madeira, moble e cortiza",Oferta ordinaria,1,Carpintaría e moble (Oferta ordinaria),22,i_portal_oferta_clasificada_por_prov_concello_ordinario_17-06-2025.pdf,Xeolocalización mediante Google My Maps a partir do nome do centro/sede e localidade; revisar manualmente marcadores ambiguos tras a importación.
IES Macías o Namorado · Padrón,FP grao medio,A Coruña,Padrón,IES Macías o Namorado,"IES Macías o Namorado, Padrón, A Coruña, Galicia, España",,,Administración e xestión,Oferta ordinaria,1,Xestión administrativa (Oferta ordinaria),30,i_portal_oferta_clasificada_por_prov_concello_ordinario_17-06-2025.pdf,Xeolocalización mediante Google My Maps a partir do nome do centro/sede e localidade; revisar manualmente marcadores ambiguos tras a importación.
IES Eduardo Pondal · Ponteceso,FP grao medio,A Coruña,Ponteceso,IES Eduardo Pondal,"IES Eduardo Pondal, Ponteceso, A Coruña, Galicia, España",,,Servizos socioculturais e á comunidade | Transporte e mantemento de vehículos,Oferta ordinaria,3,Atención a persoas en situación de dependencia (Oferta ordinaria) || Carrozaría (Oferta ordinaria) || Electromecánica de vehículos automóbiles (Oferta ordinaria),69,i_portal_oferta_clasificada_por_prov_concello_ordinario_17-06-2025.pdf,Xeolocalización mediante Google My Maps a partir do nome do centro/sede e localidade; revisar manualmente marcadores ambiguos tras a importación.
CIFP Fraga do Eume · Pontedeume,FP grao medio,A Coruña,Pontedeume,CIFP Fraga do Eume,"CIFP Fraga do Eume, Pontedeume, A Coruña, Galicia, España",,,Hostalaría e turismo | Industrias alimentarias,Oferta modular | Oferta ordinaria,4,"Cociña e gastronomía (Oferta modular) || Cociña e gastronomía (Oferta ordinaria) || Panadaría, repostaría e confeitaría (Oferta ordinaria) || Servizos en restauración (Oferta ordinaria)",69,i_portal_oferta_clasificada_por_prov_concello_modular_24-06-2025.pdf | i_portal_oferta_clasificada_por_prov_concello_ordinario_17-06-2025.pdf,Xeolocalización mediante Google My Maps a partir do nome do centro/sede e localidade; revisar manualmente marcadores ambiguos tras a importación.
CPR Plurilingüe San José · Pontedeume,FP grao medio,A Coruña,Pontedeume,CPR Plurilingüe San José,"CPR Plurilingüe San José, Pontedeume, A Coruña, Galicia, España",,,Administración e xestión,Oferta ordinaria,1,Xestión administrativa (Oferta ordinaria),30,i_portal_oferta_clasificada_por_prov_concello_ordinario_17-06-2025.pdf,Xeolocalización mediante Google My Maps a partir do nome do centro/sede e localidade; revisar manualmente marcadores ambiguos tras a importación.
IES de Porto do Son · Porto do Son,FP grao medio,A Coruña,Porto do Son,IES de Porto do Son,"IES de Porto do Son, Porto do Son, A Coruña, Galicia, España",,,Actividades físicas e deportivas,Oferta ordinaria,1,Guía no medio natural e de tempo libre (Oferta ordinaria),22,i_portal_oferta_clasificada_por_prov_concello_ordinario_17-06-2025.pdf,Xeolocalización mediante Google My Maps a partir do nome do centro/sede e localidade; revisar manualmente marcadores ambiguos tras a importación.
IES Félix Muriel · Rianxo,FP grao medio,A Coruña,Rianxo,IES Félix Muriel,"IES Félix Muriel, Rianxo, A Coruña, Galicia, España",,,Servizos socioculturais e á comunidade,Oferta ordinaria,1,Atención a persoas en situación de dependencia (Oferta ordinaria),25,i_portal_oferta_clasificada_por_prov_concello_ordinario_17-06-2025.pdf,Xeolocalización mediante Google My Maps a partir do nome do centro/sede e localidade; revisar manualmente marcadores ambiguos tras a importación.
CIFP Coroso · Ribeira,FP grao medio,A Coruña,Ribeira,CIFP Coroso,"CIFP Coroso, Ribeira, A Coruña, Galicia, España",,,Electricidade e electrónica | Industrias alimentarias | Instalación e mantemento | Transporte e mantemento de vehículos,Oferta modular | Oferta ordinaria,7,Carrozaría (Oferta ordinaria) || Elaboración de produtos alimentarios (Oferta ordinaria) || Electromecánica de vehículos automóbiles (Oferta ordinaria) || Instalacións eléctricas e automáticas (Oferta ordinaria) || Instalacións frigoríficas e de climatización (Oferta modular) || Instalacións frigoríficas e de climatización (Oferta ordinaria) || Mantemento de vehículos híbridos e eléctricos (Oferta ordinaria),130,i_portal_oferta_clasificada_por_prov_concello_modular_24-06-2025.pdf | i_portal_oferta_clasificada_por_prov_concello_ordinario_17-06-2025.pdf,Xeolocalización mediante Google My Maps a partir do nome do centro/sede e localidade; revisar manualmente marcadores ambiguos tras a importación.
ESCO Oficial Náutico-Pesqueira · Ribeira,FP grao medio,A Coruña,Ribeira,ESCO Oficial Náutico-Pesqueira,"ESCO Oficial Náutico-Pesqueira, Ribeira, A Coruña, Galicia, España",,,Marítimo-pesqueira,Oferta ordinaria,2,Mantemento e control de maquinaria de buques e embarcacións (Oferta ordinaria) || Navegación e pesca de litoral (Oferta ordinaria),44,i_portal_oferta_clasificada_por_prov_concello_ordinario_17-06-2025.pdf,Xeolocalización mediante Google My Maps a partir do nome do centro/sede e localidade; revisar manualmente marcadores ambiguos tras a importación.
IES Leliadoura · Ribeira,FP grao medio,A Coruña,Ribeira,IES Leliadoura,"IES Leliadoura, Ribeira, A Coruña, Galicia, España",,,Administración e xestión,Oferta ordinaria,1,Xestión administrativa (Oferta ordinaria),30,i_portal_oferta_clasificada_por_prov_concello_ordinario_17-06-2025.pdf,Xeolocalización mediante Google My Maps a partir do nome do centro/sede e localidade; revisar manualmente marcadores ambiguos tras a importación.
IES Terra de Xallas · Santa Comba,FP grao medio,A Coruña,Santa Comba,IES Terra de Xallas,"IES Terra de Xallas, Santa Comba, A Coruña, Galicia, España",,,Administración e xestión,Oferta ordinaria,1,Xestión administrativa (Oferta ordinaria),30,i_portal_oferta_clasificada_por_prov_concello_ordinario_17-06-2025.pdf,Xeolocalización mediante Google My Maps a partir do nome do centro/sede e localidade; revisar manualmente marcadores ambiguos tras a importación.
CIFP Compostela · Santiago de Compostela,FP grao medio,A Coruña,Santiago de Compostela,CIFP Compostela,"CIFP Compostela, Santiago de Compostela, A Coruña, Galicia, España",,,Artes gráficas | Hostalaría e turismo | Industrias alimentarias | Servizos socioculturais e á comunidade,Oferta modular | Oferta ordinaria,8,"Atención a persoas en situación de dependencia (Oferta modular) || Atención a persoas en situación de dependencia (Oferta ordinaria) || Cociña e gastronomía (Oferta ordinaria) || Impresión gráfica (Oferta ordinaria) || Panadaría e bolaría artesanais (Oferta ordinaria) || Panadaría, repostaría e confeitaría (Oferta ordinaria) || Preimpresión dixital (Oferta ordinaria) || Servizos en restauración (Oferta ordinaria)",180,i_portal_oferta_clasificada_por_prov_concello_modular_24-06-2025.pdf | i_portal_oferta_clasificada_por_prov_concello_ordinario_17-06-2025.pdf,Xeolocalización mediante Google My Maps a partir do nome do centro/sede e localidade; revisar manualmente marcadores ambiguos tras a importación.
CIFP Politécnico de Santiago · Santiago de Compostela,FP grao medio,A Coruña,Santiago de Compostela,CIFP Politécnico de Santiago,"CIFP Politécnico de Santiago, Santiago de Compostela, A Coruña, Galicia, España",,,"Electricidade e electrónica | Fabricación mecánica | Madeira, moble e cortiza | Química | Transporte e mantemento de vehículos",Oferta ordinaria,8,Carpintaría e moble (Oferta ordinaria) || Carrozaría (Oferta ordinaria) || Electromecánica de vehículos automóbiles (Oferta ordinaria) || Electromecánica de vehículos automóbiles (quenda de tarde) (Oferta ordinaria) || Instalacións de telecomunicacións (Oferta ordinaria) || Instalacións eléctricas e automáticas (Oferta ordinaria) || Operacións de laboratorio (Oferta ordinaria) || Soldadura e caldeiraría (Oferta ordinaria),176,i_portal_oferta_clasificada_por_prov_concello_ordinario_17-06-2025.pdf,Xeolocalización mediante Google My Maps a partir do nome do centro/sede e localidade; revisar manualmente marcadores ambiguos tras a importación.
IES A Pontepedriña · Santiago de Compostela,FP grao medio,A Coruña,Santiago de Compostela,IES A Pontepedriña,"IES A Pontepedriña, Santiago de Compostela, A Coruña, Galicia, España",,,Comercio e márketing,Oferta ordinaria,1,Actividades comerciais (quenda de tarde) (Oferta ordinaria),30,i_portal_oferta_clasificada_por_prov_concello_ordinario_17-06-2025.pdf,Xeolocalización mediante Google My Maps a partir do nome do centro/sede e localidade; revisar manualmente marcadores ambiguos tras a importación.
IES Arcebispo Xelmírez I · Santiago de Compostela,FP grao medio,A Coruña,Santiago de Compostela,IES Arcebispo Xelmírez I,"IES Arcebispo Xelmírez I, Santiago de Compostela, A Coruña, Galicia, España",,,Imaxe e son,Oferta ordinaria,1,Vídeo disc-jockey e son (Oferta ordinaria),22,i_portal_oferta_clasificada_por_prov_concello_ordinario_17-06-2025.pdf,Xeolocalización mediante Google My Maps a partir do nome do centro/sede e localidade; revisar manualmente marcadores ambiguos tras a importación.
IES As Fontiñas · Santiago de Compostela,FP grao medio,A Coruña,Santiago de Compostela,IES As Fontiñas,"IES As Fontiñas, Santiago de Compostela, A Coruña, Galicia, España",,,Administración e xestión,Oferta ordinaria,1,Xestión administrativa (Oferta ordinaria),30,i_portal_oferta_clasificada_por_prov_concello_ordinario_17-06-2025.pdf,Xeolocalización mediante Google My Maps a partir do nome do centro/sede e localidade; revisar manualmente marcadores ambiguos tras a importación.
IES Lamas de Abade · Santiago de Compostela,FP grao medio,A Coruña,Santiago de Compostela,IES Lamas de Abade,"IES Lamas de Abade, Santiago de Compostela, A Coruña, Galicia, España",,,Imaxe persoal | Sanidade,Oferta ordinaria,5,Estética e beleza (Oferta ordinaria) || Farmacia e parafarmacia (Oferta ordinaria) || Farmacia e parafarmacia (quenda de tarde) (Oferta ordinaria) || Peiteado e cosmética capilar (Oferta ordinaria) || Peiteado e cosmética capilar (quenda de tarde) (Oferta ordinaria),110,i_portal_oferta_clasificada_por_prov_concello_ordinario_17-06-2025.pdf,Xeolocalización mediante Google My Maps a partir do nome do centro/sede e localidade; revisar manualmente marcadores ambiguos tras a importación.
IES San Clemente · Santiago de Compostela,FP grao medio,A Coruña,Santiago de Compostela,IES San Clemente,"IES San Clemente, Santiago de Compostela, A Coruña, Galicia, España",,,Informática e comunicacións,Oferta ordinaria,1,Sistemas microinformáticos e redes (Oferta ordinaria),30,i_portal_oferta_clasificada_por_prov_concello_ordinario_17-06-2025.pdf,Xeolocalización mediante Google My Maps a partir do nome do centro/sede e localidade; revisar manualmente marcadores ambiguos tras a importación.
IES Terra de Soneira · Vimianzo,FP grao medio,A Coruña,Vimianzo,IES Terra de Soneira,"IES Terra de Soneira, Vimianzo, A Coruña, Galicia, España",,,Administración e xestión,Oferta ordinaria,1,Xestión administrativa (Oferta ordinaria),30,i_portal_oferta_clasificada_por_prov_concello_ordinario_17-06-2025.pdf,Xeolocalización mediante Google My Maps a partir do nome do centro/sede e localidade; revisar manualmente marcadores ambiguos tras a importación.
IES Maximino Romero de Lema · Zas,FP grao medio,A Coruña,Zas,IES Maximino Romero de Lema,"IES Maximino Romero de Lema, Zas, A Coruña, Galicia, España",,,Informática e comunicacións,Oferta ordinaria,1,Sistemas microinformáticos e redes (Oferta ordinaria),30,i_portal_oferta_clasificada_por_prov_concello_ordinario_17-06-2025.pdf,Xeolocalización mediante Google My Maps a partir do nome do centro/sede e localidade; revisar manualmente marcadores ambiguos tras a importación.
CFEA de Becerreá · Becerreá,FP grao medio,Lugo,Becerreá,CFEA de Becerreá,"CFEA de Becerreá, Becerreá, Lugo, Galicia, España",,,Agraria,Oferta ordinaria,1,Aproveitamento e conservación do medio natural (Oferta ordinaria),22,i_portal_oferta_clasificada_por_prov_concello_ordinario_17-06-2025.pdf,Xeolocalización mediante Google My Maps a partir do nome do centro/sede e localidade; revisar manualmente marcadores ambiguos tras a importación.
IES Perdouro · Burela,FP grao medio,Lugo,Burela,IES Perdouro,"IES Perdouro, Burela, Lugo, Galicia, España",,,Administración e xestión | Electricidade e electrónica | Fabricación mecánica | Imaxe persoal,Oferta ordinaria,5,Instalación e mantemento de sistemas conectados a internet (IoT) (Oferta ordinaria) || Instalacións de telecomunicacións (Oferta ordinaria) || Mecanizado (Oferta ordinaria) || Peiteado e cosmética capilar (Oferta ordinaria) || Xestión administrativa (Oferta ordinaria),116,i_portal_oferta_clasificada_por_prov_concello_ordinario_17-06-2025.pdf,Xeolocalización mediante Google My Maps a partir do nome do centro/sede e localidade; revisar manualmente marcadores ambiguos tras a importación.
"CIFP Politécnico de Lugo · CPR, EFAG: Centro privado coas ensinanzas concertadas.",FP grao medio,Lugo,"CPR, EFAG: Centro privado coas ensinanzas concertadas.",CIFP Politécnico de Lugo,"CIFP Politécnico de Lugo, CPR, EFAG: Centro privado coas ensinanzas concertadas., Lugo, Galicia, España",,,"Madeira, moble e cortiza | Sanidade",Oferta modular,2,Carpintaría e moble (Oferta modular) || Emerxencias sanitarias (Oferta modular),,i_portal_oferta_clasificada_por_prov_concello_modular_24-06-2025.pdf,Xeolocalización mediante Google My Maps a partir do nome do centro/sede e localidade; revisar manualmente marcadores ambiguos tras a importación.
"IES Muralla Romana · CPR, EFAG: Centro privado coas ensinanzas concertadas.",FP grao medio,Lugo,"CPR, EFAG: Centro privado coas ensinanzas concertadas.",IES Muralla Romana,"IES Muralla Romana, CPR, EFAG: Centro privado coas ensinanzas concertadas., Lugo, Galicia, España",,,Informática e comunicacións,Oferta modular,1,Sistemas microinformáticos e redes (Oferta modular),,i_portal_oferta_clasificada_por_prov_concello_modular_24-06-2025.pdf,Xeolocalización mediante Google My Maps a partir do nome do centro/sede e localidade; revisar manualmente marcadores ambiguos tras a importación.
"IES da Terra Chá, José Trapero Pardo · Castro de Rei",FP grao medio,Lugo,Castro de Rei,"IES da Terra Chá, José Trapero Pardo","IES da Terra Chá, José Trapero Pardo, Castro de Rei, Lugo, Galicia, España",,,Agraria,Oferta ordinaria,1,Produción agropecuaria (Oferta ordinaria),22,i_portal_oferta_clasificada_por_prov_concello_ordinario_17-06-2025.pdf,Xeolocalización mediante Google My Maps a partir do nome do centro/sede e localidade; revisar manualmente marcadores ambiguos tras a importación.
IES Val do Asma · Chantada,FP grao medio,Lugo,Chantada,IES Val do Asma,"IES Val do Asma, Chantada, Lugo, Galicia, España",,,Administración e xestión | Transporte e mantemento de vehículos,Oferta ordinaria,2,Electromecánica de vehículos automóbiles (Oferta ordinaria) || Xestión administrativa (Oferta ordinaria),52,i_portal_oferta_clasificada_por_prov_concello_ordinario_17-06-2025.pdf,Xeolocalización mediante Google My Maps a partir do nome do centro/sede e localidade; revisar manualmente marcadores ambiguos tras a importación.
IES de Foz · Foz,FP grao medio,Lugo,Foz,IES de Foz,"IES de Foz, Foz, Lugo, Galicia, España",,,Hostalaría e turismo,Oferta modular | Oferta ordinaria,3,Cociña e gastronomía (Oferta modular) || Cociña e gastronomía (Oferta ordinaria) || Servizos en restauración (Oferta ordinaria),47,i_portal_oferta_clasificada_por_prov_concello_modular_24-06-2025.pdf | i_portal_oferta_clasificada_por_prov_concello_ordinario_17-06-2025.pdf,Xeolocalización mediante Google My Maps a partir do nome do centro/sede e localidade; revisar manualmente marcadores ambiguos tras a importación.
IES Poeta Díaz Castro · Guitiriz,FP grao medio,Lugo,Guitiriz,IES Poeta Díaz Castro,"IES Poeta Díaz Castro, Guitiriz, Lugo, Galicia, España",,,Fabricación mecánica,Oferta ordinaria,1,Soldadura e caldeiraría (Oferta ordinaria),22,i_portal_oferta_clasificada_por_prov_concello_ordinario_17-06-2025.pdf,Xeolocalización mediante Google My Maps a partir do nome do centro/sede e localidade; revisar manualmente marcadores ambiguos tras a importación.
IES Plurilingüe San Rosendo · Mondoñedo,FP grao medio,Lugo,Mondoñedo,IES Plurilingüe San Rosendo,"IES Plurilingüe San Rosendo, Mondoñedo, Lugo, Galicia, España",,,Agraria,Oferta ordinaria,1,Xardinaría e floraría (Oferta ordinaria),22,i_portal_oferta_clasificada_por_prov_concello_ordinario_17-06-2025.pdf,Xeolocalización mediante Google My Maps a partir do nome do centro/sede e localidade; revisar manualmente marcadores ambiguos tras a importación.
IES A Pinguela · Monforte de Lemos,FP grao medio,Lugo,Monforte de Lemos,IES A Pinguela,"IES A Pinguela, Monforte de Lemos, Lugo, Galicia, España",,,"Administración e xestión | Imaxe persoal | Informática e comunicacións | Téxtil, confección e pel",Oferta ordinaria,5,Confección e moda (Oferta ordinaria) || Estética e beleza (Oferta ordinaria) || Peiteado e cosmética capilar (Oferta ordinaria) || Sistemas microinformáticos e redes (Oferta ordinaria) || Xestión administrativa (Oferta ordinaria),126,i_portal_oferta_clasificada_por_prov_concello_ordinario_17-06-2025.pdf,Xeolocalización mediante Google My Maps a partir do nome do centro/sede e localidade; revisar manualmente marcadores ambiguos tras a importación.
IES Francisco Daviña Rey · Monforte de Lemos,FP grao medio,Lugo,Monforte de Lemos,IES Francisco Daviña Rey,"IES Francisco Daviña Rey, Monforte de Lemos, Lugo, Galicia, España",,,Electricidade e electrónica | Servizos socioculturais e á comunidade | Transporte e mantemento de vehículos,Oferta ordinaria,3,Atención a persoas en situación de dependencia (Oferta ordinaria) || Electromecánica de vehículos automóbiles (Oferta ordinaria) || Instalacións de telecomunicacións (Oferta ordinaria),69,i_portal_oferta_clasificada_por_prov_concello_ordinario_17-06-2025.pdf,Xeolocalización mediante Google My Maps a partir do nome do centro/sede e localidade; revisar manualmente marcadores ambiguos tras a importación.
IES de Monterroso · Monterroso,FP grao medio,Lugo,Monterroso,IES de Monterroso,"IES de Monterroso, Monterroso, Lugo, Galicia, España",,,Informática e comunicacións,Oferta ordinaria,1,Sistemas microinformáticos e redes (Oferta ordinaria),30,i_portal_oferta_clasificada_por_prov_concello_ordinario_17-06-2025.pdf,Xeolocalización mediante Google My Maps a partir do nome do centro/sede e localidade; revisar manualmente marcadores ambiguos tras a importación.
EPAPU de Bonxe · Outeiro de Rei,FP grao medio,Lugo,Outeiro de Rei,EPAPU de Bonxe,"EPAPU de Bonxe, Outeiro de Rei, Lugo, Galicia, España",,,"Madeira, moble e cortiza",Oferta modular,1,Carpintaría e moble (Oferta modular),,i_portal_oferta_clasificada_por_prov_concello_modular_24-06-2025.pdf,Xeolocalización mediante Google My Maps a partir do nome do centro/sede e localidade; revisar manualmente marcadores ambiguos tras a importación.
CIFP Porta da Auga · Ribadeo,FP grao medio,Lugo,Ribadeo,CIFP Porta da Auga,"CIFP Porta da Auga, Ribadeo, Lugo, Galicia, España",,,Administración e xestión | Edificación e obra civil | Servizos socioculturais e á comunidade | Transporte e mantemento de vehículos,Oferta modular | Oferta ordinaria,4,"Atención a persoas en situación de dependencia (Oferta ordinaria) || Electromecánica de vehículos automóbiles (Oferta ordinaria) || Obras de interior, decoración e rehabilitación (Oferta modular) || Xestión administrativa (Oferta ordinaria)",77,i_portal_oferta_clasificada_por_prov_concello_modular_24-06-2025.pdf | i_portal_oferta_clasificada_por_prov_concello_ordinario_17-06-2025.pdf,Xeolocalización mediante Google My Maps a partir do nome do centro/sede e localidade; revisar manualmente marcadores ambiguos tras a importación.
IES Gregorio Fernández · Sarria,FP grao medio,Lugo,Sarria,IES Gregorio Fernández,"IES Gregorio Fernández, Sarria, Lugo, Galicia, España",,,Administración e xestión | Fabricación mecánica | Instalación e mantemento,Oferta ordinaria,3,Mantemento electromecánico (Oferta ordinaria) || Mecanizado (Oferta ordinaria) || Xestión administrativa (Oferta ordinaria),74,i_portal_oferta_clasificada_por_prov_concello_ordinario_17-06-2025.pdf,Xeolocalización mediante Google My Maps a partir do nome do centro/sede e localidade; revisar manualmente marcadores ambiguos tras a importación.
IES Xograr Afonso Gómez de Sarria · Sarria,FP grao medio,Lugo,Sarria,IES Xograr Afonso Gómez de Sarria,"IES Xograr Afonso Gómez de Sarria, Sarria, Lugo, Galicia, España",,,Servizos socioculturais e á comunidade,Oferta ordinaria,1,Atención a persoas en situación de dependencia (Oferta ordinaria),25,i_portal_oferta_clasificada_por_prov_concello_ordinario_17-06-2025.pdf,Xeolocalización mediante Google My Maps a partir do nome do centro/sede e localidade; revisar manualmente marcadores ambiguos tras a importación.
CPR Belarmino Fernández Iglesias · Sober,FP grao medio,Lugo,Sober,CPR Belarmino Fernández Iglesias,"CPR Belarmino Fernández Iglesias, Sober, Lugo, Galicia, España",,,Hostalaría e turismo,Oferta ordinaria,2,Cociña e gastronomía (Oferta ordinaria) || Servizos en restauración (Oferta ordinaria),60,i_portal_oferta_clasificada_por_prov_concello_ordinario_17-06-2025.pdf,Xeolocalización mediante Google My Maps a partir do nome do centro/sede e localidade; revisar manualmente marcadores ambiguos tras a importación.
IES Lois Peña Novo · Vilalba,FP grao medio,Lugo,Vilalba,IES Lois Peña Novo,"IES Lois Peña Novo, Vilalba, Lugo, Galicia, España",,,Electricidade e electrónica | Informática e comunicacións | Servizos socioculturais e á comunidade | Transporte e mantemento de vehículos,Oferta ordinaria,4,Atención a persoas en situación de dependencia (Oferta ordinaria) || Electromecánica de vehículos automóbiles (Oferta ordinaria) || Instalacións eléctricas e automáticas (Oferta ordinaria) || Sistemas microinformáticos e redes (Oferta ordinaria),99,i_portal_oferta_clasificada_por_prov_concello_ordinario_17-06-2025.pdf,Xeolocalización mediante Google My Maps a partir do nome do centro/sede e localidade; revisar manualmente marcadores ambiguos tras a importación.
IES María Sarmiento · Viveiro,FP grao medio,Lugo,Viveiro,IES María Sarmiento,"IES María Sarmiento, Viveiro, Lugo, Galicia, España",,,Administración e xestión | Electricidade e electrónica | Fabricación mecánica | Transporte e mantemento de vehículos,Oferta ordinaria,4,Electromecánica de vehículos automóbiles (Oferta ordinaria) || Instalacións eléctricas e automáticas (Oferta ordinaria) || Soldadura e caldeiraría (Oferta ordinaria) || Xestión administrativa (Oferta ordinaria),96,i_portal_oferta_clasificada_por_prov_concello_ordinario_17-06-2025.pdf,Xeolocalización mediante Google My Maps a partir do nome do centro/sede e localidade; revisar manualmente marcadores ambiguos tras a importación.
IES Illa de Sarón · Xove,FP grao medio,Lugo,Xove,IES Illa de Sarón,"IES Illa de Sarón, Xove, Lugo, Galicia, España",,,Informática e comunicacións,Oferta ordinaria,1,Sistemas microinformáticos e redes (Oferta ordinaria),30,i_portal_oferta_clasificada_por_prov_concello_ordinario_17-06-2025.pdf,Xeolocalización mediante Google My Maps a partir do nome do centro/sede e localidade; revisar manualmente marcadores ambiguos tras a importación.
IES Xermán Ancochea Quevedo · A Pobra de Trives,FP grao medio,Ourense,A Pobra de Trives,IES Xermán Ancochea Quevedo,"IES Xermán Ancochea Quevedo, A Pobra de Trives, Ourense, Galicia, España",,,Electricidade e electrónica,Oferta ordinaria,1,Instalacións eléctricas e automáticas (Oferta ordinaria),22,i_portal_oferta_clasificada_por_prov_concello_ordinario_17-06-2025.pdf,Xeolocalización mediante Google My Maps a partir do nome do centro/sede e localidade; revisar manualmente marcadores ambiguos tras a importación.
IES Cosme López Rodríguez · A Rúa,FP grao medio,Ourense,A Rúa,IES Cosme López Rodríguez,"IES Cosme López Rodríguez, A Rúa, Ourense, Galicia, España",,,Informática e comunicacións,Oferta ordinaria,1,Sistemas microinformáticos e redes (Oferta ordinaria),30,i_portal_oferta_clasificada_por_prov_concello_ordinario_17-06-2025.pdf,Xeolocalización mediante Google My Maps a partir do nome do centro/sede e localidade; revisar manualmente marcadores ambiguos tras a importación.
"IES Carlos Casares · CPR, EFAG: Centro privado coas ensinanzas concertadas.",FP grao medio,Ourense,"CPR, EFAG: Centro privado coas ensinanzas concertadas.",IES Carlos Casares,"IES Carlos Casares, CPR, EFAG: Centro privado coas ensinanzas concertadas., Ourense, Galicia, España",,,Servizos socioculturais e á comunidade,Oferta modular,1,Atención a persoas en situación de dependencia (Oferta modular),,i_portal_oferta_clasificada_por_prov_concello_modular_24-06-2025.pdf,Xeolocalización mediante Google My Maps a partir do nome do centro/sede e localidade; revisar manualmente marcadores ambiguos tras a importación.
IES Sección de Sobradelo-Carballeda · Carballeda de Valdeorras,FP grao medio,Ourense,Carballeda de Valdeorras,IES Sección de Sobradelo-Carballeda,"IES Sección de Sobradelo-Carballeda, Carballeda de Valdeorras, Ourense, Galicia, España",,,Edificación e obra civil,Oferta modular,1,Construción (Oferta modular),,i_portal_oferta_clasificada_por_prov_concello_modular_24-06-2025.pdf,Xeolocalización mediante Google My Maps a partir do nome do centro/sede e localidade; revisar manualmente marcadores ambiguos tras a importación.
IES San Mamede · Maceda,FP grao medio,Ourense,Maceda,IES San Mamede,"IES San Mamede, Maceda, Ourense, Galicia, España",,,Informática e comunicacións,Oferta ordinaria,1,Sistemas microinformáticos e redes (Oferta ordinaria),30,i_portal_oferta_clasificada_por_prov_concello_ordinario_17-06-2025.pdf,Xeolocalización mediante Google My Maps a partir do nome do centro/sede e localidade; revisar manualmente marcadores ambiguos tras a importación.
IES Lauro Olmo · O Barco de Valdeorras,FP grao medio,Ourense,O Barco de Valdeorras,IES Lauro Olmo,"IES Lauro Olmo, O Barco de Valdeorras, Ourense, Galicia, España",,,Administración e xestión | Electricidade e electrónica | Imaxe persoal | Servizos socioculturais e á comunidade | Transporte e mantemento de vehículos,Oferta modular | Oferta ordinaria,5,Atención a persoas en situación de dependencia (Oferta modular) || Electromecánica de vehículos automóbiles (Oferta ordinaria) || Instalacións eléctricas e automáticas (Oferta ordinaria) || Peiteado e cosmética capilar (Oferta ordinaria) || Xestión administrativa (Oferta ordinaria),96,i_portal_oferta_clasificada_por_prov_concello_modular_24-06-2025.pdf | i_portal_oferta_clasificada_por_prov_concello_ordinario_17-06-2025.pdf,Xeolocalización mediante Google My Maps a partir do nome do centro/sede e localidade; revisar manualmente marcadores ambiguos tras a importación.
IES Manuel Chamoso Lamas · O Carballiño,FP grao medio,Ourense,O Carballiño,IES Manuel Chamoso Lamas,"IES Manuel Chamoso Lamas, O Carballiño, Ourense, Galicia, España",,,Administración e xestión | Electricidade e electrónica | Transporte e mantemento de vehículos,Oferta ordinaria,3,Electromecánica de vehículos automóbiles (Oferta ordinaria) || Instalacións eléctricas e automáticas (Oferta ordinaria) || Xestión administrativa (Oferta ordinaria),74,i_portal_oferta_clasificada_por_prov_concello_ordinario_17-06-2025.pdf,Xeolocalización mediante Google My Maps a partir do nome do centro/sede e localidade; revisar manualmente marcadores ambiguos tras a importación.
IES O Ribeiro · Ribadavia,FP grao medio,Ourense,Ribadavia,IES O Ribeiro,"IES O Ribeiro, Ribadavia, Ourense, Galicia, España",,,Industrias alimentarias | Transporte e mantemento de vehículos,Oferta ordinaria,2,Aceites de oliva e viños (Oferta ordinaria) || Electromecánica de vehículos automóbiles (Oferta ordinaria),44,i_portal_oferta_clasificada_por_prov_concello_ordinario_17-06-2025.pdf,Xeolocalización mediante Google My Maps a partir do nome do centro/sede e localidade; revisar manualmente marcadores ambiguos tras a importación.
IES García-Barbón · Verín,FP grao medio,Ourense,Verín,IES García-Barbón,"IES García-Barbón, Verín, Ourense, Galicia, España",,,Administración e xestión | Instalación e mantemento | Transporte e mantemento de vehículos,Oferta ordinaria,3,Electromecánica de vehículos automóbiles (Oferta ordinaria) || Mantemento electromecánico (Oferta ordinaria) || Xestión administrativa (Oferta ordinaria),74,i_portal_oferta_clasificada_por_prov_concello_ordinario_17-06-2025.pdf,Xeolocalización mediante Google My Maps a partir do nome do centro/sede e localidade; revisar manualmente marcadores ambiguos tras a importación.
CIFP de Vilamarín · Vilamarín,FP grao medio,Ourense,Vilamarín,CIFP de Vilamarín,"CIFP de Vilamarín, Vilamarín, Ourense, Galicia, España",,,Hostalaría e turismo | Industrias alimentarias,Oferta ordinaria,3,"Cociña e gastronomía (Oferta ordinaria) || Panadaría, repostaría e confeitaría (Oferta ordinaria) || Servizos en restauración (Oferta ordinaria)",69,i_portal_oferta_clasificada_por_prov_concello_ordinario_17-06-2025.pdf,Xeolocalización mediante Google My Maps a partir do nome do centro/sede e localidade; revisar manualmente marcadores ambiguos tras a importación.
IES Cidade de Antioquía · Xinzo de Limia,FP grao medio,Ourense,Xinzo de Limia,IES Cidade de Antioquía,"IES Cidade de Antioquía, Xinzo de Limia, Ourense, Galicia, España",,,Agraria,Oferta ordinaria,1,Aproveitamento e conservación do medio natural (Oferta ordinaria),22,i_portal_oferta_clasificada_por_prov_concello_ordinario_17-06-2025.pdf,Xeolocalización mediante Google My Maps a partir do nome do centro/sede e localidade; revisar manualmente marcadores ambiguos tras a importación.
IES da Cañiza · A Cañiza,FP grao medio,Pontevedra,A Cañiza,IES da Cañiza,"IES da Cañiza, A Cañiza, Pontevedra, Galicia, España",,,Administración e xestión | Transporte e mantemento de vehículos,Oferta ordinaria,2,Electromecánica de vehículos automóbiles (Oferta ordinaria) || Xestión administrativa (Oferta ordinaria),52,i_portal_oferta_clasificada_por_prov_concello_ordinario_17-06-2025.pdf,Xeolocalización mediante Google My Maps a partir do nome do centro/sede e localidade; revisar manualmente marcadores ambiguos tras a importación.
IES Plurilingüe Antón Losada Diéguez · A Estrada,FP grao medio,Pontevedra,A Estrada,IES Plurilingüe Antón Losada Diéguez,"IES Plurilingüe Antón Losada Diéguez, A Estrada, Pontevedra, Galicia, España",,,"Informática e comunicacións | Madeira, moble e cortiza | Transporte e mantemento de vehículos",Oferta ordinaria,4,Carpintaría e moble (Oferta ordinaria) || Electromecánica de vehículos automóbiles (Oferta ordinaria) || Mantemento de vehículos híbridos e eléctricos (Oferta ordinaria) || Sistemas microinformáticos e redes (Oferta ordinaria),94,i_portal_oferta_clasificada_por_prov_concello_ordinario_17-06-2025.pdf,Xeolocalización mediante Google My Maps a partir do nome do centro/sede e localidade; revisar manualmente marcadores ambiguos tras a importación.
IES A Sangriña · A Guarda,FP grao medio,Pontevedra,A Guarda,IES A Sangriña,"IES A Sangriña, A Guarda, Pontevedra, Galicia, España",,,Administración e xestión | Informática e comunicacións | Transporte e mantemento de vehículos,Oferta ordinaria,3,Electromecánica de vehículos automóbiles (Oferta ordinaria) || Sistemas microinformáticos e redes (Oferta ordinaria) || Xestión administrativa (Oferta ordinaria),82,i_portal_oferta_clasificada_por_prov_concello_ordinario_17-06-2025.pdf,Xeolocalización mediante Google My Maps a partir do nome do centro/sede e localidade; revisar manualmente marcadores ambiguos tras a importación.
IGAFA Instituto Galego de Formación en Acuicultura · A Illa de Arousa,FP grao medio,Pontevedra,A Illa de Arousa,IGAFA Instituto Galego de Formación en Acuicultura,"IGAFA Instituto Galego de Formación en Acuicultura, A Illa de Arousa, Pontevedra, Galicia, España",,,Marítimo-pesqueira,Oferta ordinaria,2,Cultivos acuícolas (Oferta ordinaria) || Operacións subacuáticas e hiperbáricas (Oferta ordinaria),34,i_portal_oferta_clasificada_por_prov_concello_ordinario_17-06-2025.pdf,Xeolocalización mediante Google My Maps a partir do nome do centro/sede e localidade; revisar manualmente marcadores ambiguos tras a importación.
A Lama,FP grao medio,Pontevedra,A Lama,A Lama,"A Lama, Pontevedra, Galicia, España",,,Fabricación mecánica,Oferta modular,1,Soldadura e caldeiraría (Oferta modular),,i_portal_oferta_clasificada_por_prov_concello_modular_24-06-2025.pdf,Xeolocalización mediante Google My Maps a partir do nome do centro/sede e localidade; revisar manualmente marcadores ambiguos tras a importación.
EFAG A Cancela · As Neves,FP grao medio,Pontevedra,As Neves,EFAG A Cancela,"EFAG A Cancela, As Neves, Pontevedra, Galicia, España",,,Administración e xestión | Industrias alimentarias,Oferta ordinaria,2,"Panadaría, repostaría e confeitaría (Oferta ordinaria) || Xestión administrativa (Oferta ordinaria)",40,i_portal_oferta_clasificada_por_prov_concello_ordinario_17-06-2025.pdf,Xeolocalización mediante Google My Maps a partir do nome do centro/sede e localidade; revisar manualmente marcadores ambiguos tras a importación.
IES Pazo da Mercé · As Neves,FP grao medio,Pontevedra,As Neves,IES Pazo da Mercé,"IES Pazo da Mercé, As Neves, Pontevedra, Galicia, España",,,Informática e comunicacións,Oferta ordinaria,1,Sistemas microinformáticos e redes (Oferta ordinaria),30,i_portal_oferta_clasificada_por_prov_concello_ordinario_17-06-2025.pdf,Xeolocalización mediante Google My Maps a partir do nome do centro/sede e localidade; revisar manualmente marcadores ambiguos tras a importación.
IES Johan Carballeira · Bueu,FP grao medio,Pontevedra,Bueu,IES Johan Carballeira,"IES Johan Carballeira, Bueu, Pontevedra, Galicia, España",,,Administración e xestión | Fabricación mecánica | Imaxe persoal,Oferta ordinaria,4,Estética e beleza (Oferta ordinaria) || Peiteado e cosmética capilar (Oferta ordinaria) || Soldadura e caldeiraría (Oferta ordinaria) || Xestión administrativa (Oferta ordinaria),96,i_portal_oferta_clasificada_por_prov_concello_ordinario_17-06-2025.pdf,Xeolocalización mediante Google My Maps a partir do nome do centro/sede e localidade; revisar manualmente marcadores ambiguos tras a importación.
"CIFP Manuel Antonio · CPR, EFAG: Centro privado coas ensinanzas concertadas.",FP grao medio,Pontevedra,"CPR, EFAG: Centro privado coas ensinanzas concertadas.",CIFP Manuel Antonio,"CIFP Manuel Antonio, CPR, EFAG: Centro privado coas ensinanzas concertadas., Pontevedra, Galicia, España",,,"Hostalaría e turismo | Téxtil, confección e pel",Oferta modular,2,Cociña e gastronomía (Oferta modular) || Confección e moda (Oferta modular),,i_portal_oferta_clasificada_por_prov_concello_modular_24-06-2025.pdf,Xeolocalización mediante Google My Maps a partir do nome do centro/sede e localidade; revisar manualmente marcadores ambiguos tras a importación.
"CIFP de Coia · CPR, EFAG: Centro privado coas ensinanzas concertadas.",FP grao medio,Pontevedra,"CPR, EFAG: Centro privado coas ensinanzas concertadas.",CIFP de Coia,"CIFP de Coia, CPR, EFAG: Centro privado coas ensinanzas concertadas., Pontevedra, Galicia, España",,,Instalación e mantemento,Oferta modular,1,Mantemento electromecánico (Oferta modular),,i_portal_oferta_clasificada_por_prov_concello_modular_24-06-2025.pdf,Xeolocalización mediante Google My Maps a partir do nome do centro/sede e localidade; revisar manualmente marcadores ambiguos tras a importación.
"CPR, EFAG: Centro privado coas ensinanzas concertadas.",FP grao medio,Pontevedra,"CPR, EFAG: Centro privado coas ensinanzas concertadas.","CPR, EFAG: Centro privado coas ensinanzas concertadas.","CPR, EFAG: Centro privado coas ensinanzas concertadas., Pontevedra, Galicia, España",,,Electricidade e electrónica | Hostalaría e turismo | Imaxe persoal | Sanidade,Oferta modular,5,Emerxencias sanitarias (Oferta modular) || Farmacia e parafarmacia (Oferta modular) || Instalacións eléctricas e automáticas (Oferta modular) || Peiteado e cosmética capilar (Oferta modular) || Servizos en restaurante (Oferta modular),,i_portal_oferta_clasificada_por_prov_concello_modular_24-06-2025.pdf,Xeolocalización mediante Google My Maps a partir do nome do centro/sede e localidade; revisar manualmente marcadores ambiguos tras a importación.
"IES Armando Cotarelo Valledor · CPR, EFAG: Centro privado coas ensinanzas concertadas.",FP grao medio,Pontevedra,"CPR, EFAG: Centro privado coas ensinanzas concertadas.",IES Armando Cotarelo Valledor,"IES Armando Cotarelo Valledor, CPR, EFAG: Centro privado coas ensinanzas concertadas., Pontevedra, Galicia, España",,,Administración e xestión,Oferta modular,1,Xestión administrativa (Oferta modular),,i_portal_oferta_clasificada_por_prov_concello_modular_24-06-2025.pdf,Xeolocalización mediante Google My Maps a partir do nome do centro/sede e localidade; revisar manualmente marcadores ambiguos tras a importación.
"IES Politécnico de Vigo · CPR, EFAG: Centro privado coas ensinanzas concertadas.",FP grao medio,Pontevedra,"CPR, EFAG: Centro privado coas ensinanzas concertadas.",IES Politécnico de Vigo,"IES Politécnico de Vigo, CPR, EFAG: Centro privado coas ensinanzas concertadas., Pontevedra, Galicia, España",,,Electricidade e electrónica | Fabricación mecánica,Oferta modular,2,Instalacións eléctricas e automáticas (Oferta modular) || Mecanizado (Oferta modular),,i_portal_oferta_clasificada_por_prov_concello_modular_24-06-2025.pdf,Xeolocalización mediante Google My Maps a partir do nome do centro/sede e localidade; revisar manualmente marcadores ambiguos tras a importación.
"IES de Teis · CPR, EFAG: Centro privado coas ensinanzas concertadas.",FP grao medio,Pontevedra,"CPR, EFAG: Centro privado coas ensinanzas concertadas.",IES de Teis,"IES de Teis, CPR, EFAG: Centro privado coas ensinanzas concertadas., Pontevedra, Galicia, España",,,Imaxe persoal,Oferta modular,2,Estética e beleza (Oferta modular) || Peiteado e cosmética capilar (Oferta modular),,i_portal_oferta_clasificada_por_prov_concello_modular_24-06-2025.pdf,Xeolocalización mediante Google My Maps a partir do nome do centro/sede e localidade; revisar manualmente marcadores ambiguos tras a importación.
CPR Plurilingüe San Fermín · Caldas de Reis,FP grao medio,Pontevedra,Caldas de Reis,CPR Plurilingüe San Fermín,"CPR Plurilingüe San Fermín, Caldas de Reis, Pontevedra, Galicia, España",,,Administración e xestión | Comercio e márketing | Electricidade e electrónica,Oferta ordinaria,3,Actividades comerciais (Oferta ordinaria) || Instalacións eléctricas e automáticas (Oferta ordinaria) || Xestión administrativa (Oferta ordinaria),60,i_portal_oferta_clasificada_por_prov_concello_ordinario_17-06-2025.pdf,Xeolocalización mediante Google My Maps a partir do nome do centro/sede e localidade; revisar manualmente marcadores ambiguos tras a importación.
IES Francisco Asorey · Cambados,FP grao medio,Pontevedra,Cambados,IES Francisco Asorey,"IES Francisco Asorey, Cambados, Pontevedra, Galicia, España",,,Administración e xestión | Electricidade e electrónica,Oferta ordinaria,2,Instalacións de telecomunicacións (Oferta ordinaria) || Xestión administrativa (Oferta ordinaria),52,i_portal_oferta_clasificada_por_prov_concello_ordinario_17-06-2025.pdf,Xeolocalización mediante Google My Maps a partir do nome do centro/sede e localidade; revisar manualmente marcadores ambiguos tras a importación.
IES de Rodeira · Cangas,FP grao medio,Pontevedra,Cangas,IES de Rodeira,"IES de Rodeira, Cangas, Pontevedra, Galicia, España",,,Administración e xestión | Electricidade e electrónica,Oferta ordinaria,2,Instalacións de telecomunicacións (Oferta ordinaria) || Xestión administrativa (Oferta ordinaria),52,i_portal_oferta_clasificada_por_prov_concello_ordinario_17-06-2025.pdf,Xeolocalización mediante Google My Maps a partir do nome do centro/sede e localidade; revisar manualmente marcadores ambiguos tras a importación.
IES Plurilingüe Terra de Turonio · Gondomar,FP grao medio,Pontevedra,Gondomar,IES Plurilingüe Terra de Turonio,"IES Plurilingüe Terra de Turonio, Gondomar, Pontevedra, Galicia, España",,,Actividades físicas e deportivas,Oferta ordinaria,1,Guía no medio natural e de tempo libre (Oferta ordinaria),22,i_portal_oferta_clasificada_por_prov_concello_ordinario_17-06-2025.pdf,Xeolocalización mediante Google My Maps a partir do nome do centro/sede e localidade; revisar manualmente marcadores ambiguos tras a importación.
IES Laxeiro · Lalín,FP grao medio,Pontevedra,Lalín,IES Laxeiro,"IES Laxeiro, Lalín, Pontevedra, Galicia, España",,,Administración e xestión | Electricidade e electrónica | Transporte e mantemento de vehículos,Oferta ordinaria,3,Electromecánica de vehículos automóbiles (Oferta ordinaria) || Instalacións eléctricas e automáticas (Oferta ordinaria) || Xestión administrativa (Oferta ordinaria),74,i_portal_oferta_clasificada_por_prov_concello_ordinario_17-06-2025.pdf,Xeolocalización mediante Google My Maps a partir do nome do centro/sede e localidade; revisar manualmente marcadores ambiguos tras a importación.
IES Ramón Mª Aller Ulloa · Lalín,FP grao medio,Pontevedra,Lalín,IES Ramón Mª Aller Ulloa,"IES Ramón Mª Aller Ulloa, Lalín, Pontevedra, Galicia, España",,,Informática e comunicacións,Oferta ordinaria,1,Sistemas microinformáticos e redes (Oferta ordinaria),30,i_portal_oferta_clasificada_por_prov_concello_ordinario_17-06-2025.pdf,Xeolocalización mediante Google My Maps a partir do nome do centro/sede e localidade; revisar manualmente marcadores ambiguos tras a importación.
CPR Plurilingüe San Narciso · Marín,FP grao medio,Pontevedra,Marín,CPR Plurilingüe San Narciso,"CPR Plurilingüe San Narciso, Marín, Pontevedra, Galicia, España",,,Sanidade,Oferta ordinaria,1,Farmacia e parafarmacia (Oferta ordinaria),20,i_portal_oferta_clasificada_por_prov_concello_ordinario_17-06-2025.pdf,Xeolocalización mediante Google My Maps a partir do nome do centro/sede e localidade; revisar manualmente marcadores ambiguos tras a importación.
IES Chan do Monte · Marín,FP grao medio,Pontevedra,Marín,IES Chan do Monte,"IES Chan do Monte, Marín, Pontevedra, Galicia, España",,,Administración e xestión | Comercio e márketing | Informática e comunicacións | Instalación e mantemento,Oferta modular | Oferta ordinaria,6,Actividades comerciais (Oferta ordinaria) || Instalacións frigoríficas e de climatización (Oferta ordinaria) || Sistemas microinformáticos e redes (Oferta modular) || Sistemas microinformáticos e redes (Oferta ordinaria) || Sistemas microinformáticos e redes (quenda de tarde) (Oferta ordinaria) || Xestión administrativa (Oferta ordinaria),142,i_portal_oferta_clasificada_por_prov_concello_modular_24-06-2025.pdf | i_portal_oferta_clasificada_por_prov_concello_ordinario_17-06-2025.pdf,Xeolocalización mediante Google My Maps a partir do nome do centro/sede e localidade; revisar manualmente marcadores ambiguos tras a importación.
IES Plurilingüe A Paralaia · Moaña,FP grao medio,Pontevedra,Moaña,IES Plurilingüe A Paralaia,"IES Plurilingüe A Paralaia, Moaña, Pontevedra, Galicia, España",,,Electricidade e electrónica | Fabricación mecánica,Oferta ordinaria,2,Instalacións eléctricas e automáticas (Oferta ordinaria) || Mecanizado (Oferta ordinaria),44,i_portal_oferta_clasificada_por_prov_concello_ordinario_17-06-2025.pdf,Xeolocalización mediante Google My Maps a partir do nome do centro/sede e localidade; revisar manualmente marcadores ambiguos tras a importación.
CPR Plurilingüe Lar · Mos,FP grao medio,Pontevedra,Mos,CPR Plurilingüe Lar,"CPR Plurilingüe Lar, Mos, Pontevedra, Galicia, España",,,Servizos socioculturais e á comunidade | Transporte e mantemento de vehículos,Oferta ordinaria,2,Atención a persoas en situación de dependencia (Oferta ordinaria) || Electromecánica de vehículos automóbiles (Oferta ordinaria),40,i_portal_oferta_clasificada_por_prov_concello_ordinario_17-06-2025.pdf,Xeolocalización mediante Google My Maps a partir do nome do centro/sede e localidade; revisar manualmente marcadores ambiguos tras a importación.
IES Escolas Proval · Nigrán,FP grao medio,Pontevedra,Nigrán,IES Escolas Proval,"IES Escolas Proval, Nigrán, Pontevedra, Galicia, España",,,Administración e xestión | Electricidade e electrónica,Oferta modular | Oferta ordinaria,3,Instalacións de telecomunicacións (Oferta ordinaria) || Xestión administrativa (Oferta modular) || Xestión administrativa (Oferta ordinaria),52,i_portal_oferta_clasificada_por_prov_concello_modular_24-06-2025.pdf | i_portal_oferta_clasificada_por_prov_concello_ordinario_17-06-2025.pdf,Xeolocalización mediante Google My Maps a partir do nome do centro/sede e localidade; revisar manualmente marcadores ambiguos tras a importación.
IES Monte da Vila · O Grove,FP grao medio,Pontevedra,O Grove,IES Monte da Vila,"IES Monte da Vila, O Grove, Pontevedra, Galicia, España",,,Informática e comunicacións,Oferta ordinaria,1,Sistemas microinformáticos e redes (Oferta ordinaria),30,i_portal_oferta_clasificada_por_prov_concello_ordinario_17-06-2025.pdf,Xeolocalización mediante Google My Maps a partir do nome do centro/sede e localidade; revisar manualmente marcadores ambiguos tras a importación.
IES Ribeira do Louro · O Porriño,FP grao medio,Pontevedra,O Porriño,IES Ribeira do Louro,"IES Ribeira do Louro, O Porriño, Pontevedra, Galicia, España",,,Administración e xestión | Electricidade e electrónica,Oferta ordinaria,2,Instalacións de telecomunicacións (Oferta ordinaria) || Xestión administrativa (Oferta ordinaria),52,i_portal_oferta_clasificada_por_prov_concello_ordinario_17-06-2025.pdf,Xeolocalización mediante Google My Maps a partir do nome do centro/sede e localidade; revisar manualmente marcadores ambiguos tras a importación.
IES de Poio · Poio,FP grao medio,Pontevedra,Poio,IES de Poio,"IES de Poio, Poio, Pontevedra, Galicia, España",,,Actividades físicas e deportivas,Oferta ordinaria,1,Guía no medio natural e de tempo libre (Oferta ordinaria),22,i_portal_oferta_clasificada_por_prov_concello_ordinario_17-06-2025.pdf,Xeolocalización mediante Google My Maps a partir do nome do centro/sede e localidade; revisar manualmente marcadores ambiguos tras a importación.
CIFP A Granxa · Ponteareas,FP grao medio,Pontevedra,Ponteareas,CIFP A Granxa,"CIFP A Granxa, Ponteareas, Pontevedra, Galicia, España",,,Agraria,Oferta ordinaria,3,Floraría e arte floral (Oferta ordinaria) || Produción agroecolóxica (Oferta ordinaria) || Xardinaría e floraría (Oferta ordinaria),64,i_portal_oferta_clasificada_por_prov_concello_ordinario_17-06-2025.pdf,Xeolocalización mediante Google My Maps a partir do nome do centro/sede e localidade; revisar manualmente marcadores ambiguos tras a importación.
IES Plurilingüe Pedra da Auga · Ponteareas,FP grao medio,Pontevedra,Ponteareas,IES Plurilingüe Pedra da Auga,"IES Plurilingüe Pedra da Auga, Ponteareas, Pontevedra, Galicia, España",,,Administración e xestión | Electricidade e electrónica | Transporte e mantemento de vehículos,Oferta ordinaria,3,Electromecánica de vehículos automóbiles (Oferta ordinaria) || Instalacións eléctricas e automáticas (Oferta ordinaria) || Xestión administrativa (Oferta ordinaria),74,i_portal_oferta_clasificada_por_prov_concello_ordinario_17-06-2025.pdf,Xeolocalización mediante Google My Maps a partir do nome do centro/sede e localidade; revisar manualmente marcadores ambiguos tras a importación.
CPR Plurilingüe Vigo · Redondela,FP grao medio,Pontevedra,Redondela,CPR Plurilingüe Vigo,"CPR Plurilingüe Vigo, Redondela, Pontevedra, Galicia, España",,,Comercio e márketing | Electricidade e electrónica | Transporte e mantemento de vehículos,Oferta ordinaria,3,Actividades comerciais (Oferta ordinaria) || Electromecánica de vehículos automóbiles (Oferta ordinaria) || Instalacións eléctricas e automáticas (Oferta ordinaria),80,i_portal_oferta_clasificada_por_prov_concello_ordinario_17-06-2025.pdf,Xeolocalización mediante Google My Maps a partir do nome do centro/sede e localidade; revisar manualmente marcadores ambiguos tras a importación.
IES Pedro Floriani · Redondela,FP grao medio,Pontevedra,Redondela,IES Pedro Floriani,"IES Pedro Floriani, Redondela, Pontevedra, Galicia, España",,,Administración e xestión | Electricidade e electrónica,Oferta ordinaria,2,Instalacións de telecomunicacións (Oferta ordinaria) || Xestión administrativa (Oferta ordinaria),52,i_portal_oferta_clasificada_por_prov_concello_ordinario_17-06-2025.pdf,Xeolocalización mediante Google My Maps a partir do nome do centro/sede e localidade; revisar manualmente marcadores ambiguos tras a importación.
IES de Chapela · Redondela,FP grao medio,Pontevedra,Redondela,IES de Chapela,"IES de Chapela, Redondela, Pontevedra, Galicia, España",,,Sanidade | Servizos socioculturais e á comunidade,Oferta modular | Oferta ordinaria,4,Atención a persoas en situación de dependencia (Oferta modular) || Atención a persoas en situación de dependencia (Oferta ordinaria) || Farmacia e parafarmacia (Oferta modular) || Farmacia e parafarmacia (Oferta ordinaria),47,i_portal_oferta_clasificada_por_prov_concello_modular_24-06-2025.pdf | i_portal_oferta_clasificada_por_prov_concello_ordinario_17-06-2025.pdf,Xeolocalización mediante Google My Maps a partir do nome do centro/sede e localidade; revisar manualmente marcadores ambiguos tras a importación.
IES de Salvaterra de Miño · Salvaterra de Miño,FP grao medio,Pontevedra,Salvaterra de Miño,IES de Salvaterra de Miño,"IES de Salvaterra de Miño, Salvaterra de Miño, Pontevedra, Galicia, España",,,Fabricación mecánica,Oferta ordinaria,1,Soldadura e caldeiraría (Oferta ordinaria),22,i_portal_oferta_clasificada_por_prov_concello_ordinario_17-06-2025.pdf,Xeolocalización mediante Google My Maps a partir do nome do centro/sede e localidade; revisar manualmente marcadores ambiguos tras a importación.
IES de Vilalonga · Sanxenxo,FP grao medio,Pontevedra,Sanxenxo,IES de Vilalonga,"IES de Vilalonga, Sanxenxo, Pontevedra, Galicia, España",,,Administración e xestión | Transporte e mantemento de vehículos,Oferta ordinaria,2,Electromecánica de vehículos automóbiles (Oferta ordinaria) || Xestión administrativa (Oferta ordinaria),52,i_portal_oferta_clasificada_por_prov_concello_ordinario_17-06-2025.pdf,Xeolocalización mediante Google My Maps a partir do nome do centro/sede e localidade; revisar manualmente marcadores ambiguos tras a importación.
IES Plurilingüe Pintor Colmeiro · Silleda,FP grao medio,Pontevedra,Silleda,IES Plurilingüe Pintor Colmeiro,"IES Plurilingüe Pintor Colmeiro, Silleda, Pontevedra, Galicia, España",,,Actividades físicas e deportivas | Comercio e márketing,Oferta ordinaria,2,Actividades comerciais (Oferta ordinaria) || Guía no medio natural e de tempo libre (Oferta ordinaria),52,i_portal_oferta_clasificada_por_prov_concello_ordinario_17-06-2025.pdf,Xeolocalización mediante Google My Maps a partir do nome do centro/sede e localidade; revisar manualmente marcadores ambiguos tras a importación.
IES Antón Alonso Ríos · Tomiño,FP grao medio,Pontevedra,Tomiño,IES Antón Alonso Ríos,"IES Antón Alonso Ríos, Tomiño, Pontevedra, Galicia, España",,,Agraria | Electricidade e electrónica,Oferta ordinaria,2,Aproveitamento e conservación do medio natural (Oferta ordinaria) || Instalacións de telecomunicacións (Oferta ordinaria),44,i_portal_oferta_clasificada_por_prov_concello_ordinario_17-06-2025.pdf,Xeolocalización mediante Google My Maps a partir do nome do centro/sede e localidade; revisar manualmente marcadores ambiguos tras a importación.
IES Indalecio Pérez Tizón · Tui,FP grao medio,Pontevedra,Tui,IES Indalecio Pérez Tizón,"IES Indalecio Pérez Tizón, Tui, Pontevedra, Galicia, España",,,Comercio e márketing | Electricidade e electrónica,Oferta ordinaria,2,Actividades comerciais (Oferta ordinaria) || Instalacións eléctricas e automáticas (Oferta ordinaria),52,i_portal_oferta_clasificada_por_prov_concello_ordinario_17-06-2025.pdf,Xeolocalización mediante Google My Maps a partir do nome do centro/sede e localidade; revisar manualmente marcadores ambiguos tras a importación.
IES Plurilingüe de Valga · Valga,FP grao medio,Pontevedra,Valga,IES Plurilingüe de Valga,"IES Plurilingüe de Valga, Valga, Pontevedra, Galicia, España",,,Fabricación mecánica,Oferta modular | Oferta ordinaria,2,Soldadura e caldeiraría (Oferta modular) || Soldadura e caldeiraría (Oferta ordinaria),22,i_portal_oferta_clasificada_por_prov_concello_modular_24-06-2025.pdf | i_portal_oferta_clasificada_por_prov_concello_ordinario_17-06-2025.pdf,Xeolocalización mediante Google My Maps a partir do nome do centro/sede e localidade; revisar manualmente marcadores ambiguos tras a importación.
CIFP Audiovisual de Vigo · Vigo,FP grao medio,Pontevedra,Vigo,CIFP Audiovisual de Vigo,"CIFP Audiovisual de Vigo, Vigo, Pontevedra, Galicia, España",,,Imaxe e son,Oferta ordinaria,2,Vídeo disc-jockey e son (Oferta ordinaria) || Vídeo disc-jockey e son (quenda de tarde) (Oferta ordinaria),44,i_portal_oferta_clasificada_por_prov_concello_ordinario_17-06-2025.pdf,Xeolocalización mediante Google My Maps a partir do nome do centro/sede e localidade; revisar manualmente marcadores ambiguos tras a importación.
CIFP Manuel Antonio · Vigo,FP grao medio,Pontevedra,Vigo,CIFP Manuel Antonio,"CIFP Manuel Antonio, Vigo, Pontevedra, Galicia, España",,,"Hostalaría e turismo | Industrias alimentarias | Química | Téxtil, confección e pel",Oferta ordinaria,8,"Cociña e gastronomía (Oferta ordinaria) || Cociña e gastronomía (quenda de tarde) (Oferta ordinaria) || Confección e moda (Oferta ordinaria) || Operacións de laboratorio (Oferta ordinaria) || Panadaría e bolaría artesanais (Oferta ordinaria) || Panadaría, repostaría e confeitaría (Oferta ordinaria) || Panadaría, repostaría e confeitaría (quenda de tarde) (Oferta ordinaria) || Servizos en restauración (Oferta ordinaria)",177,i_portal_oferta_clasificada_por_prov_concello_ordinario_17-06-2025.pdf,Xeolocalización mediante Google My Maps a partir do nome do centro/sede e localidade; revisar manualmente marcadores ambiguos tras a importación.
CIFP Valentín Paz Andrade · Vigo,FP grao medio,Pontevedra,Vigo,CIFP Valentín Paz Andrade,"CIFP Valentín Paz Andrade, Vigo, Pontevedra, Galicia, España",,,"Fabricación mecánica | Instalación e mantemento | Madeira, moble e cortiza | Transporte e mantemento de vehículos",Oferta ordinaria,5,Carpintaría e moble (Oferta ordinaria) || Carrozaría (Oferta ordinaria) || Electromecánica de vehículos automóbiles (Oferta ordinaria) || Instalacións frigoríficas e de climatización (Oferta ordinaria) || Soldadura e caldeiraría (Oferta ordinaria),110,i_portal_oferta_clasificada_por_prov_concello_ordinario_17-06-2025.pdf,Xeolocalización mediante Google My Maps a partir do nome do centro/sede e localidade; revisar manualmente marcadores ambiguos tras a importación.
CPR CEBEM · Vigo,FP grao medio,Pontevedra,Vigo,CPR CEBEM,"CPR CEBEM, Vigo, Pontevedra, Galicia, España",,,Administración e xestión,Oferta ordinaria,1,Xestión administrativa (Oferta ordinaria),30,i_portal_oferta_clasificada_por_prov_concello_ordinario_17-06-2025.pdf,Xeolocalización mediante Google My Maps a partir do nome do centro/sede e localidade; revisar manualmente marcadores ambiguos tras a importación.
CPR Colegio Hogar Afundación · Vigo,FP grao medio,Pontevedra,Vigo,CPR Colegio Hogar Afundación,"CPR Colegio Hogar Afundación, Vigo, Pontevedra, Galicia, España",,,Artes gráficas | Electricidade e electrónica | Fabricación mecánica,Oferta ordinaria,6,Impresión gráfica (Oferta ordinaria) || Instalacións de telecomunicacións (Oferta ordinaria) || Instalacións eléctricas e automáticas (Oferta ordinaria) || Mecanizado (Oferta ordinaria) || Preimpresión dixital (Oferta ordinaria) || Soldadura e caldeiraría (Oferta ordinaria),170,i_portal_oferta_clasificada_por_prov_concello_ordinario_17-06-2025.pdf,Xeolocalización mediante Google My Maps a partir do nome do centro/sede e localidade; revisar manualmente marcadores ambiguos tras a importación.
CPR Daniel Castelao · Vigo,FP grao medio,Pontevedra,Vigo,CPR Daniel Castelao,"CPR Daniel Castelao, Vigo, Pontevedra, Galicia, España",,,Administración e xestión | Electricidade e electrónica | Informática e comunicacións,Oferta ordinaria,3,Instalacións eléctricas e automáticas (Oferta ordinaria) || Sistemas microinformáticos e redes (Oferta ordinaria) || Xestión administrativa (Oferta ordinaria),90,i_portal_oferta_clasificada_por_prov_concello_ordinario_17-06-2025.pdf,Xeolocalización mediante Google My Maps a partir do nome do centro/sede e localidade; revisar manualmente marcadores ambiguos tras a importación.
CPR Divino Maestro · Vigo,FP grao medio,Pontevedra,Vigo,CPR Divino Maestro,"CPR Divino Maestro, Vigo, Pontevedra, Galicia, España",,,Administración e xestión,Oferta ordinaria,1,Xestión administrativa (Oferta ordinaria),30,i_portal_oferta_clasificada_por_prov_concello_ordinario_17-06-2025.pdf,Xeolocalización mediante Google My Maps a partir do nome do centro/sede e localidade; revisar manualmente marcadores ambiguos tras a importación.
CPR FP Montecastelo · Vigo,FP grao medio,Pontevedra,Vigo,CPR FP Montecastelo,"CPR FP Montecastelo, Vigo, Pontevedra, Galicia, España",,,Electricidade e electrónica | Informática e comunicacións,Oferta ordinaria,2,Instalacións eléctricas e automáticas (Oferta ordinaria) || Sistemas microinformáticos e redes (Oferta ordinaria),60,i_portal_oferta_clasificada_por_prov_concello_ordinario_17-06-2025.pdf,Xeolocalización mediante Google My Maps a partir do nome do centro/sede e localidade; revisar manualmente marcadores ambiguos tras a importación.
CPR Fillas de María Inmaculada · Vigo,FP grao medio,Pontevedra,Vigo,CPR Fillas de María Inmaculada,"CPR Fillas de María Inmaculada, Vigo, Pontevedra, Galicia, España",,,Comercio e márketing | Servizos socioculturais e á comunidade,Oferta ordinaria,2,Actividades comerciais (Oferta ordinaria) || Atención a persoas en situación de dependencia (Oferta ordinaria),60,i_portal_oferta_clasificada_por_prov_concello_ordinario_17-06-2025.pdf,Xeolocalización mediante Google My Maps a partir do nome do centro/sede e localidade; revisar manualmente marcadores ambiguos tras a importación.
CPR Mendiño · Vigo,FP grao medio,Pontevedra,Vigo,CPR Mendiño,"CPR Mendiño, Vigo, Pontevedra, Galicia, España",,,Administración e xestión | Comercio e márketing,Oferta ordinaria,2,Actividades comerciais (Oferta ordinaria) || Xestión administrativa (Oferta ordinaria),60,i_portal_oferta_clasificada_por_prov_concello_ordinario_17-06-2025.pdf,Xeolocalización mediante Google My Maps a partir do nome do centro/sede e localidade; revisar manualmente marcadores ambiguos tras a importación.
CPR Plurilingüe Padre Míguez · Vigo,FP grao medio,Pontevedra,Vigo,CPR Plurilingüe Padre Míguez,"CPR Plurilingüe Padre Míguez, Vigo, Pontevedra, Galicia, España",,,Informática e comunicacións,Oferta ordinaria,1,Sistemas microinformáticos e redes (Oferta ordinaria),20,i_portal_oferta_clasificada_por_prov_concello_ordinario_17-06-2025.pdf,Xeolocalización mediante Google My Maps a partir do nome do centro/sede e localidade; revisar manualmente marcadores ambiguos tras a importación.
CPR San Miguel · Vigo,FP grao medio,Pontevedra,Vigo,CPR San Miguel,"CPR San Miguel, Vigo, Pontevedra, Galicia, España",,,Administración e xestión | Electricidade e electrónica,Oferta ordinaria,2,Instalacións de telecomunicacións (Oferta ordinaria) || Xestión administrativa (Oferta ordinaria),60,i_portal_oferta_clasificada_por_prov_concello_ordinario_17-06-2025.pdf,Xeolocalización mediante Google My Maps a partir do nome do centro/sede e localidade; revisar manualmente marcadores ambiguos tras a importación.
CPR Vivas · Vigo,FP grao medio,Pontevedra,Vigo,CPR Vivas,"CPR Vivas, Vigo, Pontevedra, Galicia, España",,,Administración e xestión | Sanidade,Oferta ordinaria,2,Farmacia e parafarmacia (Oferta ordinaria) || Xestión administrativa (Oferta ordinaria),60,i_portal_oferta_clasificada_por_prov_concello_ordinario_17-06-2025.pdf,Xeolocalización mediante Google My Maps a partir do nome do centro/sede e localidade; revisar manualmente marcadores ambiguos tras a importación.
IES A Guía · Vigo,FP grao medio,Pontevedra,Vigo,IES A Guía,"IES A Guía, Vigo, Pontevedra, Galicia, España",,,Comercio e márketing,Oferta ordinaria,1,Actividades comerciais (Oferta ordinaria),30,i_portal_oferta_clasificada_por_prov_concello_ordinario_17-06-2025.pdf,Xeolocalización mediante Google My Maps a partir do nome do centro/sede e localidade; revisar manualmente marcadores ambiguos tras a importación.
IES Politécnico de Vigo · Vigo,FP grao medio,Pontevedra,Vigo,IES Politécnico de Vigo,"IES Politécnico de Vigo, Vigo, Pontevedra, Galicia, España",,,Electricidade e electrónica | Fabricación mecánica | Instalación e mantemento,Oferta ordinaria,3,Instalacións eléctricas e automáticas (Oferta ordinaria) || Mantemento electromecánico (Oferta ordinaria) || Mecanizado (Oferta ordinaria),66,i_portal_oferta_clasificada_por_prov_concello_ordinario_17-06-2025.pdf,Xeolocalización mediante Google My Maps a partir do nome do centro/sede e localidade; revisar manualmente marcadores ambiguos tras a importación.
IES Ricardo Mella · Vigo,FP grao medio,Pontevedra,Vigo,IES Ricardo Mella,"IES Ricardo Mella, Vigo, Pontevedra, Galicia, España",,,Administración e xestión | Electricidade e electrónica,Oferta ordinaria,3,Instalación e mantemento de sistemas conectados a internet (IoT) (Oferta ordinaria) || Instalacións de telecomunicacións (Oferta ordinaria) || Xestión administrativa (Oferta ordinaria),102,i_portal_oferta_clasificada_por_prov_concello_ordinario_17-06-2025.pdf,Xeolocalización mediante Google My Maps a partir do nome do centro/sede e localidade; revisar manualmente marcadores ambiguos tras a importación.
IES de Teis · Vigo,FP grao medio,Pontevedra,Vigo,IES de Teis,"IES de Teis, Vigo, Pontevedra, Galicia, España",,,Imaxe persoal | Informática e comunicacións,Oferta ordinaria,4,Estética e beleza (Oferta ordinaria) || Peiteado e cosmética capilar (Oferta ordinaria) || Sistemas microinformáticos e redes (Oferta ordinaria) || Sistemas microinformáticos e redes (quenda de tarde) (Oferta ordinaria),104,i_portal_oferta_clasificada_por_prov_concello_ordinario_17-06-2025.pdf,Xeolocalización mediante Google My Maps a partir do nome do centro/sede e localidade; revisar manualmente marcadores ambiguos tras a importación.
INSTITUTO Marítimo Pesqueiro do Atlántico · Vigo,FP grao medio,Pontevedra,Vigo,INSTITUTO Marítimo Pesqueiro do Atlántico,"INSTITUTO Marítimo Pesqueiro do Atlántico, Vigo, Pontevedra, Galicia, España",,,Marítimo-pesqueira,Oferta ordinaria,2,Mantemento e control de maquinaria de buques e embarcacións (Oferta ordinaria) || Navegación e pesca de litoral (Oferta ordinaria),44,i_portal_oferta_clasificada_por_prov_concello_ordinario_17-06-2025.pdf,Xeolocalización mediante Google My Maps a partir do nome do centro/sede e localidade; revisar manualmente marcadores ambiguos tras a importación.
IES Marco do Camballón · Vila de Cruces,FP grao medio,Pontevedra,Vila de Cruces,IES Marco do Camballón,"IES Marco do Camballón, Vila de Cruces, Pontevedra, Galicia, España",,,Fabricación mecánica | Servizos socioculturais e á comunidade,Oferta ordinaria,2,Atención a persoas en situación de dependencia (Oferta ordinaria) || Soldadura e caldeiraría (Oferta ordinaria),47,i_portal_oferta_clasificada_por_prov_concello_ordinario_17-06-2025.pdf,Xeolocalización mediante Google My Maps a partir do nome do centro/sede e localidade; revisar manualmente marcadores ambiguos tras a importación.
CIFP Fontecarmoa · Vilagarcía de Arousa,FP grao medio,Pontevedra,Vilagarcía de Arousa,CIFP Fontecarmoa,"CIFP Fontecarmoa, Vilagarcía de Arousa, Pontevedra, Galicia, España",,,Comercio e márketing | Electricidade e electrónica | Industrias alimentarias | Instalación e mantemento | Servizos socioculturais e á comunidade | Transporte e mantemento de vehículos,Oferta ordinaria,7,Actividades comerciais (Oferta ordinaria) || Atención a persoas en situación de dependencia (Oferta ordinaria) || Comercialización de produtos alimentarios (quenda de tarde) (Oferta ordinaria) || Elaboración de produtos alimentarios (Oferta ordinaria) || Electromecánica de vehículos automóbiles (Oferta ordinaria) || Instalacións eléctricas e automáticas (Oferta ordinaria) || Mantemento electromecánico (Oferta ordinaria),165,i_portal_oferta_clasificada_por_prov_concello_ordinario_17-06-2025.pdf,Xeolocalización mediante Google My Maps a partir do nome do centro/sede e localidade; revisar manualmente marcadores ambiguos tras a importación.
IES Armando Cotarelo Valledor · Vilagarcía de Arousa,FP grao medio,Pontevedra,Vilagarcía de Arousa,IES Armando Cotarelo Valledor,"IES Armando Cotarelo Valledor, Vilagarcía de Arousa, Pontevedra, Galicia, España",,,Administración e xestión | Informática e comunicacións,Oferta ordinaria,2,Sistemas microinformáticos e redes (Oferta ordinaria) || Xestión administrativa (Oferta ordinaria),60,i_portal_oferta_clasificada_por_prov_concello_ordinario_17-06-2025.pdf,Xeolocalización mediante Google My Maps a partir do nome do centro/sede e localidade; revisar manualmente marcadores ambiguos tras a importación.
